"","inexpfte","city","st_fips","ugds","avgfacsal","ugds_white","highdeg","ccugprof","main","tuitfte","locale","unitid","relaffil","curroper","distanceonly","womenonly","ugds_nra","preddeg","annhi","ccbasic","ugds_aian","zip","pftfac","hbcu","costt4_a","ugds_asian","ugds_unkn","nanti","pptug_ef2","ugds_nhpi","numbranch","control","pctpell","ugds_hisp","ugds_black","ugds_2mor","pbi","menonly","hcm2","aanapii","hsi","accredagency","tribal","ccsizset","instnm","sch_deg","locale2","adm_rate","adm_rate_all","satvr25","satvr75","satmt25","satmt75","satwr25","satwr75","satvrmid","satmtmid","satwrmid","actcm25","actcm75","acten25","acten75","actmt25","actmt75","actwr25","actwr75","actcmmid","actenmid","actmtmid","actwrmid","sat_avg","sat_avg_all","ug","ugds_whitenh","ugds_blacknh","ugds_api","ugds_aianold","ugds_hispold","ug_nra","ug_unkn","ug_whitenh","ug_blacknh","ug_api","ug_aianold","ug_hispold","costt4_p","tuitionfee_in","tuitionfee_out","tuitionfee_prog","year","faminc","ug25abv","faminc_ind","veteran","dep_inc_avg","ind_inc_avg","married","pctfloan","appl_sch_pct_ge5","female","appl_sch_pct_ge2","loan_ever","appl_sch_pct_ge3","first_gen","dependent","grad_debt_mdn","age_entry","debt_mdn","par_ed_pct_ps","pell_ever","par_ed_pct_hs","md_faminc","appl_sch_pct_ge4","par_ed_pct_ms","age_entry_sq","agege24","lnfaminc","lnfaminc_ind","pct_white","pct_black","pct_asian","pct_hispanic","pct_ba","pct_grad_prof","pct_born_us","median_hh_inc","poverty_rate","unemp_rate","ln_median_hh_inc"
"1",2747,"Prescott Valley",4,458,6008,0.0655,4,5,1,13771,41,444130,-2,1,1,0,0,3,0,17,0.0022,86314,0.2348,0,26698,0.0066,0.8952,0,0.6594,0.0022,1,3,0.1445,0.0044,0.024,0,0,0,0,0,0,"Western Association of Schools and Colleges Senior Colleges and University Commission",0,12,"Northcentral University",NA,NA,NA,NA,NA,NA,NA,NA,NA,NA,NA,NA,NA,NA,NA,NA,NA,NA,NA,NA,NA,NA,NA,NA,NA,NA,NA,NA,NA,NA,NA,NA,NA,NA,NA,NA,NA,NA,NA,NA,NA,NA,NA,NA,2011,32222,0.7729,32135,0.0730088496,33293,32135,0.4402654867,0.0837,0.0995575221,0.7146017699,0.6216814159,0.862831858,0.2942477876,0.5304568528,0.0752212389,12500,35,1924.5,0.4695431472,0.783185841,0.4695431472,25218,0.1592920354,NA,NA,NA,NA,NA,NA,NA,NA,NA,NA,NA,NA,NA,NA,NA,NA
"2",1792,"Tempe",4,437,NA,0.4943,1,-2,0,7186,12,469133,-2,1,0,0,0,1,0,-2,0.0252,85282,NA,0,NA,0.0114,0.1442,0,0.5286,0.0023,9,3,0.5891,0.1831,0.1121,0.0275,0,0,0,0,0,"Accrediting Council for Continuing Education & Training",0,-2,"Utah College of Massage Therapy-Tempe",NA,NA,NA,NA,NA,NA,NA,NA,NA,NA,NA,NA,NA,NA,NA,NA,NA,NA,NA,NA,NA,NA,NA,NA,NA,NA,NA,NA,NA,NA,NA,NA,NA,NA,NA,NA,NA,NA,NA,NA,15516,NA,NA,11765,2011,32368,0.5263,21562,0.021691974,49947,21562,0.1919739696,0.9074,0.021691974,0.747505423,0.2069414317,0.934056399,0.0761388286,0.4845637584,0.3806941432,8607,27,7999.5,0.5154362416,0.790021692,0.4190604027,21164,0.0334056399,NA,NA,NA,NA,NA,NA,NA,NA,NA,NA,NA,NA,NA,NA,NA,NA
"3",9560,"Tucson",4,NA,NA,NA,1,-2,1,6702,11,476753,-2,1,0,0,NA,1,0,-2,NA,85719,NA,0,NA,NA,NA,0,NA,NA,2,3,NA,NA,NA,NA,0,0,0,0,0,"National Accrediting Commission of Cosmetology Arts and Sciences",0,-2,"Aveda Institute-Tucson",NA,NA,NA,NA,NA,NA,NA,NA,NA,NA,NA,NA,NA,NA,NA,NA,NA,NA,NA,NA,NA,NA,NA,NA,NA,NA,NA,NA,NA,NA,NA,NA,NA,NA,NA,NA,NA,NA,NA,NA,NA,NA,NA,NA,2011,NA,NA,NA,NA,NA,NA,NA,NA,NA,NA,NA,NA,NA,NA,NA,NA,NA,NA,NA,NA,NA,NA,NA,NA,NA,NA,NA,NA,NA,NA,NA,NA,NA,NA,NA,NA,NA,NA,NA
"4",2998,"Mesa",4,NA,3417,NA,2,11,0,14090,11,482990,-2,1,0,0,NA,1,0,26,NA,85201,NA,0,NA,NA,NA,0,NA,NA,2,3,NA,NA,NA,NA,0,0,0,0,0,"Accrediting Bureau of Health Education Schools",0,6,"Arizona College-Mesa",NA,NA,NA,NA,NA,NA,NA,NA,NA,NA,NA,NA,NA,NA,NA,NA,NA,NA,NA,NA,NA,NA,NA,NA,NA,NA,NA,NA,NA,NA,NA,NA,NA,NA,NA,NA,NA,NA,NA,NA,NA,NA,NA,NA,2011,NA,NA,NA,NA,NA,NA,NA,NA,NA,NA,NA,NA,NA,NA,NA,NA,NA,NA,NA,NA,NA,NA,NA,NA,NA,NA,NA,NA,NA,NA,NA,NA,NA,NA,NA,NA,NA,NA,NA
"5",12870,"Phoenix",4,NA,7976,NA,4,0,1,45692,11,450942,-2,1,0,0,NA,4,0,31,NA,85004,0.3063,0,NA,NA,NA,0,NA,NA,1,3,NA,NA,NA,NA,0,0,0,0,0,"American Bar Association",0,18,"Arizona Summit Law School",NA,NA,NA,NA,NA,NA,NA,NA,NA,NA,NA,NA,NA,NA,NA,NA,NA,NA,NA,NA,NA,NA,NA,NA,NA,NA,NA,NA,NA,NA,NA,NA,NA,NA,NA,NA,NA,NA,NA,NA,NA,NA,NA,NA,2011,NA,NA,NA,NA,NA,NA,NA,NA,NA,NA,NA,NA,NA,NA,NA,NA,NA,NA,NA,NA,NA,NA,NA,NA,NA,NA,NA,NA,NA,NA,NA,NA,NA,NA,NA,NA,NA,NA,NA
"6",7420,"Phoenix",4,97,NA,0.1237,1,-2,0,11324,11,454324,-2,1,0,0,0,1,0,-2,0.0103,85033,NA,0,NA,0.0103,0.2474,0,0.2474,0,85,3,0.75,0.3814,0.0928,0.134,0,0,0,0,0,"National Accrediting Commission of Cosmetology Arts and Sciences",0,-2,"Regency Beauty Institute-Tolleson",NA,NA,NA,NA,NA,NA,NA,NA,NA,NA,NA,NA,NA,NA,NA,NA,NA,NA,NA,NA,NA,NA,NA,NA,NA,NA,NA,NA,NA,NA,NA,NA,NA,NA,NA,NA,NA,NA,NA,NA,23519,NA,NA,17525,2011,25302,0.3196,13235,0.0077943965,45993,13235,0.1574327646,0.7692,0.0460641809,0.9506354891,0.4447721368,0.902394495,0.1813777122,0.5287659574,0.3683730075,14144,25,8688,0.4712340426,0.886454603,0.4782978723,14251,0.0843339653,NA,NA,NA,NA,NA,NA,NA,NA,NA,NA,NA,NA,NA,NA,NA,NA
"7",5280,"Phoenix",4,316,5696,0.1614,2,4,0,8884,11,456180,-2,1,0,0,0,1,0,10,0.0728,85006,0.234,0,22168,0.0222,0.2184,0,0,0.0095,2,3,0.9478,0.3671,0.1044,0.0443,0,0,0,0,0,"Accrediting Commission of Career Schools and Colleges",0,1,"Fortis College-Phoenix",NA,NA,NA,NA,NA,NA,NA,NA,NA,NA,NA,NA,NA,NA,NA,NA,NA,NA,NA,NA,NA,NA,NA,NA,NA,NA,NA,NA,NA,NA,NA,NA,NA,NA,NA,NA,NA,NA,NA,NA,NA,13471,13471,NA,2011,20094,0.5,18171,0.043190833,30548,18171,0.2545174086,0.9357,0.0451740855,0.7983693257,0.4303657999,0.918686646,0.1809167034,0.6095132743,0.1553547818,15875,31,9550,0.3904867257,0.937637726,0.5400995575,14498,0.0846187748,NA,NA,NA,NA,NA,NA,NA,NA,NA,NA,NA,NA,NA,NA,NA,NA
"8",38544,"Scottsdale",4,6,5208,0.5,4,0,1,52798,41,104665,-2,1,0,0,0.1667,3,0,30,0,85261,NA,0,NA,0,0,0,0,0,1,2,0.125,0.3333,0,0,0,0,0,0,0,"North Central Association of Colleges and Schools The Higher Learning Commission",0,18,"Frank Lloyd Wright School of Architecture",NA,NA,NA,NA,NA,NA,NA,NA,NA,NA,NA,NA,NA,NA,NA,NA,NA,NA,NA,NA,NA,NA,NA,NA,NA,NA,NA,NA,NA,NA,NA,NA,NA,NA,NA,NA,NA,NA,NA,NA,NA,NA,NA,NA,2011,NA,0.3333,NA,NA,NA,NA,NA,0.25,NA,NA,NA,NA,NA,NA,NA,NA,NA,NA,NA,NA,NA,NA,NA,NA,NA,NA,NA,NA,NA,NA,NA,NA,NA,NA,NA,NA,NA,NA,NA
"9",4368,"Tucson",4,69,NA,0.4783,1,-2,1,5117,11,447704,-2,1,0,0,0,1,0,-2,0,85705,NA,0,NA,0,0,0,0.4638,0,1,3,0.7323,0.4783,0.029,0.0145,0,0,0,0,0,"National Accrediting Commission of Cosmetology Arts and Sciences",0,-2,"Tucson College of Beauty",NA,NA,NA,NA,NA,NA,NA,NA,NA,NA,NA,NA,NA,NA,NA,NA,NA,NA,NA,NA,NA,NA,NA,NA,NA,NA,NA,NA,NA,NA,NA,NA,NA,NA,NA,NA,NA,NA,NA,NA,16121,NA,NA,15000,2011,19919,0.4783,14670,NA,37656,14670,0.2283464567,0.6457,NA,NA,0.3464566929,0.897637795,NA,0.5245901639,0.2283464567,8508.5,27,6365,0.4754098361,0.905511811,0.3606557377,10846,NA,NA,NA,NA,NA,NA,NA,NA,NA,NA,NA,NA,NA,NA,NA,NA,NA
"10",1637,"Tempe",4,1054,NA,0.7476,2,4,1,9386,12,442879,-2,1,0,0,0,1,0,10,0.0104,85281,NA,0,NA,0.0104,0.0417,0,0.0028,9e-04,1,3,0.4399,0.1157,0.0617,0.0114,0,0,0,0,0,"Accrediting Council for Continuing Education & Training",0,2,"Southwest Institute of Healing Arts",NA,NA,NA,NA,NA,NA,NA,NA,NA,NA,NA,NA,NA,NA,NA,NA,NA,NA,NA,NA,NA,NA,NA,NA,NA,NA,NA,NA,NA,NA,NA,NA,NA,NA,NA,NA,NA,NA,NA,NA,18643,NA,NA,18280,2011,33966,0.8406,30555,0.0230202578,53706,30555,0.2688766114,0.7598,0.0515653775,0.876611418,0.3213627993,0.97053407,0.1510128913,0.4204425711,0.1473296501,7916,34,7890,0.5795574289,0.70626151,0.3825079031,23629,0.0865561694,NA,NA,NA,NA,NA,NA,NA,NA,NA,NA,NA,NA,NA,NA,NA,NA
"11",13914,"Phoenix",4,87,NA,0.6437,1,-2,0,8183,11,103732,NA,0,0,0,0,1,0,-2,0.023,85032,NA,0,NA,0.023,0.069,0,0.2069,0.023,10,3,0.7197,0.1379,0.0575,0.023,0,0,0,0,0,"National Accrediting Commission of Cosmetology Arts and Sciences",0,-2,"Empire Beauty School-Paradise Valley",NA,NA,NA,NA,NA,NA,NA,NA,NA,NA,NA,NA,NA,NA,NA,NA,NA,NA,NA,NA,NA,NA,NA,NA,NA,NA,NA,NA,NA,NA,NA,NA,NA,NA,NA,NA,NA,NA,NA,NA,17368,NA,NA,16000,2011,28637,0.3908,15973,NA,53684,15973,0.1940298507,0.7643,0.0373134328,0.9141791045,0.4626865672,0.921641791,0.1865671642,0.4375,0.3358208955,12533,26,9500,0.5625,0.865671642,0.3883928571,16336,0.078358209,NA,NA,NA,NA,NA,NA,NA,NA,NA,NA,NA,NA,NA,NA,NA,NA
"12",8378,"Phoenix",4,81,2491,0.1235,3,11,1,3313,11,103787,27,0,0,0,0,3,1,22,0.6049,85021,0.6,0,20602,0.0123,0,1,0.1111,0.0741,1,2,0.7917,0.0988,0.0864,0,0,0,0,0,0,NA,0,8,"American Indian College Inc",NA,NA,NA,NA,NA,NA,NA,NA,NA,NA,NA,NA,NA,NA,NA,NA,NA,NA,NA,NA,NA,NA,NA,NA,NA,NA,NA,NA,NA,NA,NA,NA,NA,NA,NA,NA,NA,NA,NA,NA,NA,10500,10500,NA,2011,18547,0.5814,12626,NA,28196,12626,NA,0.375,NA,0.6338028169,0.3943661972,0.676056338,NA,0.5,0.3802816901,NA,26,5500,0.5,NA,NA,11923,NA,NA,NA,NA,NA,NA,NA,NA,NA,NA,NA,NA,NA,NA,NA,NA,NA
"13",2581,"Tucson",4,592,3047,0.2889,2,4,0,13497,11,103927,-2,1,0,0,0,1,0,10,0.0473,85745,0.5,0,NA,0.0135,0.0118,0,0,0.0034,6,3,0.4612,0.5963,0.0321,0.0068,0,0,0,0,0,"Western Association of Schools and Colleges Accrediting Commission for Community and Junior Colleges",0,1,"Carrington College-Tucson",NA,NA,1,1,NA,NA,NA,NA,NA,NA,NA,NA,NA,NA,NA,NA,NA,NA,NA,NA,NA,NA,NA,NA,NA,NA,NA,NA,NA,NA,NA,NA,NA,NA,NA,NA,NA,NA,NA,NA,23065,NA,NA,14200,2011,25740,0.4088,19675,0.0173897126,39290,19675,0.2077613033,0.4644,0.0285557386,0.7763133809,0.3082555373,0.896943072,0.108365367,0.5547073791,0.3091707853,9500,27,9500,0.4452926209,0.886509244,0.4563960213,16924,0.0508877906,NA,NA,NA,NA,NA,NA,NA,NA,NA,NA,NA,NA,NA,NA,NA,NA
"14",6269,"Phoenix",4,1585,5679,0.2246,4,6,1,16664,11,104090,-2,1,0,0,0,1,0,22,0.0404,85021,0.3837,0,NA,0.012,0.3274,0,0.0057,0,4,3,0.7592,0.2883,0.1073,0,0,0,0,0,0,"Accrediting Council for Independent Colleges and Schools",0,9,"Brookline College-Phoenix",NA,NA,NA,NA,NA,NA,NA,NA,NA,NA,NA,NA,NA,NA,NA,NA,NA,NA,NA,NA,NA,NA,NA,NA,NA,NA,NA,NA,NA,NA,NA,NA,NA,NA,NA,NA,NA,NA,NA,NA,28689,NA,NA,15400,2011,16535,0.5924,13161,0.0203854117,27884,13161,0.2081541647,0.7503,0.0226150661,0.790093964,0.2844401975,0.937091894,0.1009714923,0.5830464716,0.2291766205,9500,28,9034,0.4169535284,0.946806816,0.4694492255,11247,0.0473005256,NA,NA,NA,NA,NA,NA,NA,NA,NA,NA,NA,NA,NA,NA,NA,NA
"15",2173,"Tempe",4,12135,9599,0.4958,2,1,1,2724,12,105668,-2,1,0,0,0.001,1,0,9,0.0189,85281,1,0,13925,0.0176,0.0878,0,0.7818,0.0022,1,1,0.2264,0.1577,0.2033,0.0156,0,0,0,0,0,"North Central Association of Colleges and Schools The Higher Learning Commission",0,4,"Rio Salado College",NA,NA,NA,NA,NA,NA,NA,NA,NA,NA,NA,NA,NA,NA,NA,NA,NA,NA,NA,NA,NA,NA,NA,NA,NA,NA,NA,NA,NA,NA,NA,NA,NA,NA,NA,NA,NA,NA,NA,NA,NA,1854,7638,NA,2011,20583,0.5274,18811,0.0351243071,36924,18811,0.2433455903,0.2034,0.0772734757,0.6501838538,0.5517809121,0.769112562,0.2660117447,0.5665086447,0.0977992426,13982,33,4370,0.4334913553,0.909993963,0.4973508087,13527,0.1383019593,NA,NA,NA,NA,NA,NA,NA,NA,NA,NA,NA,NA,NA,NA,NA,NA
"16",5285,"Yuma",4,7915,6175,0.2069,2,1,1,679,13,104160,-2,1,0,0,0.0946,1,0,5,0.0117,85365,0.3233,0,13401,0.0114,0.028,0,0.6534,0.0032,1,1,0.5592,0.6124,0.0308,9e-04,0,0,0,0,1,"North Central Association of Colleges and Schools The Higher Learning Commission",0,3,"Arizona Western College",NA,NA,NA,NA,NA,NA,NA,NA,NA,NA,NA,NA,NA,NA,NA,NA,NA,NA,NA,NA,NA,NA,NA,NA,NA,NA,NA,NA,NA,NA,NA,NA,NA,NA,NA,NA,NA,NA,NA,NA,NA,2300,7478,NA,2011,26867,0.3493,21202,0.0077862325,30923,21202,0.1920014157,0.0751,0.0430012387,0.549991152,0.2371261724,0.131127234,0.1183861263,0.6189308485,0.5827287206,5958,24,3500,0.3810691515,0.976641302,0.4433545856,22399,0.0748540081,NA,NA,NA,NA,NA,NA,NA,NA,NA,NA,NA,NA,NA,NA,NA,NA
"17",1722,"Tucson",4,518,5136,0.4093,3,6,0,19470,21,105163,-2,0,0,0,0,2,0,28,0.0618,85704,0.0732,0,26385,0.0135,0.0463,0,0.2278,0.0039,142,3,0.6967,0.3842,0.0579,0.0232,0,0,1,0,0,"Accrediting Council for Independent Colleges and Schools",0,6,"ITT Technical Institute-Tucson",NA,NA,0.6875,0.7359,NA,NA,NA,NA,NA,NA,NA,NA,NA,NA,NA,NA,NA,NA,NA,NA,NA,NA,NA,NA,NA,NA,NA,NA,NA,NA,NA,NA,NA,NA,NA,NA,NA,NA,NA,NA,NA,18048,18048,NA,2011,26185,0.7143,20374,0.1274693006,43537,20374,0.2363270822,0.8196,0.0179024293,0.2892585424,0.2467632141,0.837184664,0.0778830753,0.5399116884,0.2508759343,11500,29,6334,0.4600883116,0.85447811,0.4830771869,18347,0.0331103177,NA,NA,NA,NA,NA,NA,NA,NA,NA,NA,NA,NA,NA,NA,NA,NA
"18",3241,"Avondale",4,3136,5008,0.5105,2,4,1,12401,22,106041,-2,1,0,0,0.001,2,0,11,0.058,85323,NA,0,NA,0.0249,0.0619,0,0,0.0233,5,3,0.5727,0.2136,0.0357,0.0711,0,0,0,0,0,"Accrediting Commission of Career Schools and Colleges",0,3,"Universal Technical Institute of Arizona Inc",NA,NA,NA,NA,NA,NA,NA,NA,NA,NA,NA,NA,NA,NA,NA,NA,NA,NA,NA,NA,NA,NA,NA,NA,NA,NA,NA,NA,NA,NA,NA,NA,NA,NA,NA,NA,NA,NA,NA,NA,24548,NA,NA,39525,2011,41743,0.3425,20351,0.0279480444,55012,20351,0.124270286,0.7277,0.0173671921,0.0265615879,0.2264302393,0.921190893,0.0626824285,0.5649747542,0.6171920607,17813,23,14184,0.4350252458,0.767294221,0.4820621844,27981,0.0305020432,NA,NA,NA,NA,NA,NA,NA,NA,NA,NA,NA,NA,NA,NA,NA,NA
"19",7609,"Phoenix",4,205,NA,0.2829,1,-2,0,8236,11,106111,-2,1,0,0,0,1,0,-2,0.0195,85051,NA,0,NA,0.0049,0.0439,0,0.322,0.0049,15,3,0.8312,0.4049,0.2293,0.0098,0,0,0,0,0,"National Accrediting Commission of Cosmetology Arts and Sciences",0,-2,"Empire Beauty School-NW Phoenix",NA,NA,NA,NA,NA,NA,NA,NA,NA,NA,NA,NA,NA,NA,NA,NA,NA,NA,NA,NA,NA,NA,NA,NA,NA,NA,NA,NA,NA,NA,NA,NA,NA,NA,NA,NA,NA,NA,NA,NA,17368,NA,NA,16000,2011,15022,0.4195,9391,NA,27047,9391,0.1297297297,0.7325,NA,0.8675675676,0.427027027,0.891891892,0.127027027,0.5379061372,0.3189189189,14556,26,8152,0.4620938628,0.954054054,0.4079422383,10581,NA,NA,NA,NA,NA,NA,NA,NA,NA,NA,NA,NA,NA,NA,NA,NA,NA
"20",3140,"Douglas",4,3981,6501,0.4366,2,2,1,744,42,104425,-2,1,0,0,0.001,2,0,9,0.0078,85607,0.2801,0,8244,0.0178,0.0256,0,0.6212,0.005,1,1,0.337,0.4321,0.0565,0.0176,0,0,0,0,1,"North Central Association of Colleges and Schools The Higher Learning Commission",0,3,"Cochise County Community College District",NA,NA,NA,NA,NA,NA,NA,NA,NA,NA,NA,NA,NA,NA,NA,NA,NA,NA,NA,NA,NA,NA,NA,NA,NA,NA,NA,NA,NA,NA,NA,NA,NA,NA,NA,NA,NA,NA,NA,NA,NA,1592,7040,NA,2011,25482,0.4841,21132,0.022655188,30130,21132,0.2265518804,0.0811,0.0312641595,0.5817852288,0.2732215677,0.213864975,0.1209787041,0.5085493657,0.4834617127,4812.5,25,3884,0.4914506343,0.940190304,0.4186431329,19607,0.0620752152,NA,NA,NA,NA,NA,NA,NA,NA,NA,NA,NA,NA,NA,NA,NA,NA
"21",5044,"Phoenix",4,9649,10008,0.2998,2,1,1,1488,11,105428,-2,1,0,0,0.003,1,0,2,0.0392,85013,0.9793,0,12678,0.0294,0.107,0,0.6858,0.0019,1,1,0.3994,0.3781,0.131,0.0107,0,0,0,0,1,"North Central Association of Colleges and Schools The Higher Learning Commission",0,4,"Phoenix College",NA,NA,NA,NA,NA,NA,NA,NA,NA,NA,NA,NA,NA,NA,NA,NA,NA,NA,NA,NA,NA,NA,NA,NA,NA,NA,NA,NA,NA,NA,NA,NA,NA,NA,NA,NA,NA,NA,NA,NA,NA,1854,7638,NA,2011,21865,0.5195,16765,0.0078151546,31276,16765,0.178842451,0.2315,0.0814361762,0.6038056405,0.5032279986,0.538792615,0.2512175784,0.5904473086,0.351455431,9439,28,5500,0.4095526914,0.917997508,0.4489764973,16097,0.1331974176,NA,NA,NA,NA,NA,NA,NA,NA,NA,NA,NA,NA,NA,NA,NA,NA
"22",5299,"Phoenix",4,6351,9977,0.6597,2,1,1,1876,11,364016,-2,1,0,0,0.0025,1,0,3,0.0148,85032,1,0,11615,0.0254,0.0954,0,0.6301,0.0024,1,1,0.219,0.1529,0.0375,0.0094,0,0,0,0,0,"North Central Association of Colleges and Schools The Higher Learning Commission",0,3,"Paradise Valley Community College",NA,NA,NA,NA,NA,NA,NA,NA,NA,NA,NA,NA,NA,NA,NA,NA,NA,NA,NA,NA,NA,NA,NA,NA,NA,NA,NA,NA,NA,NA,NA,NA,NA,NA,NA,NA,NA,NA,NA,NA,NA,1854,7638,NA,2011,31730,0.3898,21445,0.0212340744,44091,21445,0.1603797152,0.1391,0.0804396702,0.5818136398,0.4981264052,0.529352985,0.2468148888,0.4797687861,0.4541593805,NA,26,4500,0.5202312139,0.836122908,0.4289017341,22338,0.1366475144,NA,NA,NA,NA,NA,NA,NA,NA,NA,NA,NA,NA,NA,NA,NA,NA
"23",2399,"Glendale",4,691,1157,0.4631,2,4,1,11275,21,421708,-2,1,0,0,0.0014,1,0,10,0.0347,85302,1,0,22100,0.0058,0.0087,0,0,0.0043,2,3,0.8372,0.3329,0.1187,0.0304,0,0,0,0,0,"Accrediting Bureau of Health Education Schools",0,2,"Arizona College-Glendale",NA,NA,NA,NA,NA,NA,NA,NA,NA,NA,NA,NA,NA,NA,NA,NA,NA,NA,NA,NA,NA,NA,NA,NA,NA,NA,NA,NA,NA,NA,NA,NA,NA,NA,NA,NA,NA,NA,NA,NA,NA,14935,14935,NA,2011,22484,0.5876,18351,0.0323193916,33953,18351,0.2566539924,0.9792,0.0405576679,0.8111533587,0.3377693283,0.83269962,0.1368821293,0.5833333333,0.2648922687,9500,29,9400,0.4166666667,0.901774398,0.454248366,15316,0.0640050697,NA,NA,NA,NA,NA,NA,NA,NA,NA,NA,NA,NA,NA,NA,NA,NA
"24",4650,"Phoenix",4,1190,4792,0.2067,3,11,1,13708,11,428444,-2,1,0,0,0.005,3,0,30,0.0143,85021,0.2917,0,34249,0.0134,0.5025,0,0.1496,0.0017,33,3,0.6308,0.2227,0.0252,0.0084,0,0,0,0,0,"Accrediting Council for Independent Colleges and Schools",0,6,"The Art Institute of Phoenix",NA,NA,0.4171,0.5425,NA,NA,NA,NA,NA,NA,NA,NA,NA,NA,NA,NA,NA,NA,NA,NA,NA,NA,NA,NA,NA,NA,NA,NA,NA,NA,NA,NA,NA,NA,NA,NA,NA,NA,NA,NA,NA,17616,17616,NA,2011,23109,0.3311,16790,0.0345872748,41424,16790,0.2000439979,0.9038,0.0334628828,0.7184620273,0.6344015057,0.862750849,0.1974041211,0.5398677676,0.2565324729,13908,29,6334,0.4601322324,0.889369607,0.4855123244,15060,0.0729632617,NA,NA,NA,NA,NA,NA,NA,NA,NA,NA,NA,NA,NA,NA,NA,NA
"25",5555,"Thatcher",4,5430,8186,0.6,2,1,1,752,33,104577,-2,1,0,0,0.0068,1,0,8,0.0851,85552,0.2688,0,10219,0.0123,0.0346,0,0.6109,0.0013,1,1,0.0566,0.2076,0.0448,0.0076,0,0,0,0,0,"North Central Association of Colleges and Schools The Higher Learning Commission",0,3,"Eastern Arizona College",NA,NA,NA,NA,NA,NA,NA,NA,NA,NA,NA,NA,NA,NA,NA,NA,NA,NA,NA,NA,NA,NA,NA,NA,NA,NA,NA,NA,NA,NA,NA,NA,NA,NA,NA,NA,NA,NA,NA,NA,NA,1600,8200,NA,2011,22178,0.5414,13333,0.0107160253,31695,13333,0.209449586,0,0.0735509011,0.5898684851,0.314661471,NA,0.1699951291,0.4615825688,0.4817340477,NA,25,NA,0.5384174312,NA,0.4237385321,16839,0.1081344374,NA,NA,NA,NA,NA,NA,NA,NA,NA,NA,NA,NA,NA,NA,NA,NA
"26",6542,"Mesa",4,853,4148,0.4396,2,4,0,14755,11,103909,-2,1,0,0,0,1,0,10,0.0996,85210,0.1944,0,NA,0.0188,0.1395,0,0,0.0106,6,3,0.3992,0.2005,0.0633,0.0281,0,0,0,0,0,"Western Association of Schools and Colleges Accrediting Commission for Community and Junior Colleges",0,2,"Carrington College-Mesa",NA,NA,1,1,NA,NA,NA,NA,NA,NA,NA,NA,NA,NA,NA,NA,NA,NA,NA,NA,NA,NA,NA,NA,NA,NA,NA,NA,NA,NA,NA,NA,NA,NA,NA,NA,NA,NA,NA,NA,23873,NA,NA,13700,2011,25740,0.5334,19675,0.0173897126,39290,19675,0.2077613033,0.4608,0.0285557386,0.7763133809,0.3082555373,0.896943072,0.108365367,0.5547073791,0.3091707853,9500,27,9500,0.4452926209,0.886509244,0.4563960213,16924,0.0508877906,NA,NA,NA,NA,NA,NA,NA,NA,NA,NA,NA,NA,NA,NA,NA,NA
"27",7510,"Flagstaff",4,20609,7987,0.6569,4,13,1,7331,13,105330,-2,1,0,0,0.0379,3,0,16,0.0411,86011,0.6458,0,21182,0.0167,0.0089,0,0.1716,0.0038,1,1,0.3783,0.1687,0.0334,0.0326,0,0,0,0,1,"North Central Association of Colleges and Schools The Higher Learning Commission",0,16,"Northern Arizona University",NA,NA,0.6478,0.6478,470,590,480,590,460,570,530,535,515,20,25,19,26,19,25,6,8,23,23,22,7,1058,1058,NA,NA,NA,NA,NA,NA,NA,NA,NA,NA,NA,NA,NA,NA,8826,21182,NA,2011,62289,0.2278,29555,0.0068558535,79186,29555,0.1346871474,0.5461,0.1242731927,0.6201510023,0.5356244034,0.882756227,0.2954959646,0.3672595834,0.6595504643,18750,24,11550,0.6327404166,0.648181897,0.3341577095,43478,0.1879718823,NA,NA,NA,NA,NA,NA,NA,NA,NA,NA,NA,NA,NA,NA,NA,NA
"28",5818,"Prescott",4,5926,6621,0.7253,2,1,1,2060,13,106148,-2,1,0,0,0.0013,1,0,5,0.0324,86301,0.5744,0,8887,0.0113,0.1137,0,0.6979,5e-04,1,1,0.2818,0.0938,0.011,0.0106,0,0,0,0,0,"North Central Association of Colleges and Schools The Higher Learning Commission",0,3,"Yavapai College",NA,NA,NA,NA,NA,NA,NA,NA,NA,NA,NA,NA,NA,NA,NA,NA,NA,NA,NA,NA,NA,NA,NA,NA,NA,NA,NA,NA,NA,NA,NA,NA,NA,NA,NA,NA,NA,NA,NA,NA,NA,1608,8400,NA,2011,24901,0.5505,18691,0.0301663378,35872,18691,0.2455596279,0.0964,0.0496193967,0.5596278545,0.2982802368,0.359740626,0.1384268396,0.5192558747,0.3614321962,7750,28,4179.5,0.4807441253,0.937693826,0.466383812,18571,0.0817592332,NA,NA,NA,NA,NA,NA,NA,NA,NA,NA,NA,NA,NA,NA,NA,NA
"29",7785,"Phoenix",4,2254,9181,0.445,3,5,1,13130,11,103644,NA,0,0,0,4e-04,1,0,23,0.024,85021,NA,0,30946,0.0049,0.0976,0,0.4295,0.0071,2,3,0.9069,0.1593,0.2356,0.0262,0,0,0,0,0,NA,0,9,"Everest College-Phoenix",NA,NA,NA,NA,NA,NA,NA,NA,NA,NA,NA,NA,NA,NA,NA,NA,NA,NA,NA,NA,NA,NA,NA,NA,NA,NA,NA,NA,NA,NA,NA,NA,NA,NA,NA,NA,NA,NA,NA,NA,NA,12420,12420,NA,2011,16081,0.7303,12962,0.0226283725,31956,12962,0.2413693066,0.8433,0.0293008413,0.729329852,0.3849724398,0.847403539,0.1473745286,0.6145468689,0.1642007543,9500,29,9500,0.3854531311,0.942558747,0.517697394,10180,0.0612126487,NA,NA,NA,NA,NA,NA,NA,NA,NA,NA,NA,NA,NA,NA,NA,NA
"30",3914,"Tucson",4,33110,5403,0.4531,2,1,1,1742,11,105525,-2,1,0,0,0.0128,1,0,2,0.0293,85709,0.2855,0,7415,0.0293,0.0267,0,0.5944,0.0036,1,1,0.3419,0.3662,0.0511,0.0279,0,0,0,0,1,"North Central Association of Colleges and Schools The Higher Learning Commission",0,5,"Pima Community College",NA,NA,NA,NA,NA,NA,NA,NA,NA,NA,NA,NA,NA,NA,NA,NA,NA,NA,NA,NA,NA,NA,NA,NA,NA,NA,NA,NA,NA,NA,NA,NA,NA,NA,NA,NA,NA,NA,NA,NA,NA,1532,7184,NA,2011,24530,0.438,16824,0.0181959193,35505,16824,0.1789762558,0.1634,0.0412241976,0.5349600286,0.3418446486,0.439565684,0.1363202482,0.4924078091,0.4124806109,6000,27,4100.5,0.5075921909,0.916537406,0.4227042661,17830,0.0736188999,NA,NA,NA,NA,NA,NA,NA,NA,NA,NA,NA,NA,NA,NA,NA,NA
"31",1837,"Phoenix",4,24736,5792,0.3453,4,5,1,10550,11,104717,-2,1,0,0,0.0011,3,0,17,0.0084,85017,1,0,29968,0.0352,0.3087,0,0.8511,0.003,1,3,0.5702,0.0842,0.1985,0.0156,0,0,0,0,0,"North Central Association of Colleges and Schools The Higher Learning Commission",0,15,"Grand Canyon University",NA,NA,0.3683,0.3683,NA,NA,NA,NA,NA,NA,NA,NA,NA,NA,NA,NA,NA,NA,NA,NA,NA,NA,NA,NA,NA,NA,NA,NA,NA,NA,NA,NA,NA,NA,NA,NA,NA,NA,NA,NA,NA,16500,16500,NA,2011,39204,0.814,36019,0.0322121043,61530,36019,0.3868240104,0.7857,0.0603047761,0.7793780586,0.4740444775,0.883385988,0.2104627393,0.5127059795,0.1248528774,18854,33,6250,0.4872940205,0.770364864,0.4524604932,23883,0.1075388713,NA,NA,NA,NA,NA,NA,NA,NA,NA,NA,NA,NA,NA,NA,NA,NA
"32",6566,"Tucson",4,50,NA,0.42,1,-2,1,10287,11,103954,-2,1,0,0,0,1,0,-2,0.02,85712,NA,0,NA,0.02,0,0,0,0,1,3,0.7265,0.48,0.04,0.02,0,0,0,0,0,"National Accrediting Commission of Cosmetology Arts and Sciences",0,-2,"Arizona Academy of Beauty-East",NA,NA,NA,NA,NA,NA,NA,NA,NA,NA,NA,NA,NA,NA,NA,NA,NA,NA,NA,NA,NA,NA,NA,NA,NA,NA,NA,NA,NA,NA,NA,NA,NA,NA,NA,NA,NA,NA,NA,NA,NA,NA,NA,14060,2011,18337,0.58,12537,NA,34077,12537,0.2403846154,0.4872,NA,NA,0.3461538462,0.894230769,NA,0.393258427,0.2692307692,6333,27,5040.5,0.606741573,NA,NA,9634,NA,NA,NA,NA,NA,NA,NA,NA,NA,NA,NA,NA,NA,NA,NA,NA,NA
"33",5491,"Phoenix",4,6576,9051,0.4317,2,1,1,2394,11,105145,-2,1,0,0,0.0046,1,0,9,0.0418,85034,1,0,13316,0.0374,0.0902,0,0.7936,0.002,2,1,0.2728,0.2682,0.1141,0.01,0,0,0,0,1,"North Central Association of Colleges and Schools The Higher Learning Commission",0,3,"GateWay Community College",NA,NA,NA,NA,NA,NA,NA,NA,NA,NA,NA,NA,NA,NA,NA,NA,NA,NA,NA,NA,NA,NA,NA,NA,NA,NA,NA,NA,NA,NA,NA,NA,NA,NA,NA,NA,NA,NA,NA,NA,NA,1854,7638,NA,2011,26054,0.6161,23266,0.0113402062,34563,23266,0.2346391753,0.2148,0.061443299,0.5845360825,0.4812371134,0.626597938,0.2193814433,0.5209908735,0.2468041237,7250,30,5500,0.4790091265,0.857319588,0.4192959583,19369,0.1101030928,NA,NA,NA,NA,NA,NA,NA,NA,NA,NA,NA,NA,NA,NA,NA,NA
"34",3365,"Phoenix",4,2842,NA,0.753,1,-2,1,9773,11,105215,-2,1,0,0,0.0011,1,0,-2,0.0225,85027,NA,0,NA,0.0049,0.0405,0,0,0.006,3,3,0.5459,0.0968,0.0285,0.0468,0,0,0,0,0,"Accrediting Commission of Career Schools and Colleges",0,-2,"Universal Technical Institute of Arizona Inc-Motorcycle Mechanics Institute Division",NA,NA,NA,NA,NA,NA,NA,NA,NA,NA,NA,NA,NA,NA,NA,NA,NA,NA,NA,NA,NA,NA,NA,NA,NA,NA,NA,NA,NA,NA,NA,NA,NA,NA,NA,NA,NA,NA,NA,NA,26817,NA,NA,27950,2011,37361,0.5457,21383,0.0428240741,55180,21383,0.1604344729,0.748,0.0115740741,0.0346331909,0.1750356125,0.936075499,0.0469195157,0.5515931631,0.4727564103,18500,26,16000,0.4484068369,0.790598291,0.499788985,24779,0.0216346154,NA,NA,NA,NA,NA,NA,NA,NA,NA,NA,NA,NA,NA,NA,NA,NA
"35",2802,"Scottsdale",4,NA,NA,NA,1,-2,0,8111,21,480347,-2,1,0,0,NA,1,0,-2,NA,85250,NA,0,NA,NA,NA,0,NA,NA,3,3,NA,NA,NA,NA,0,0,0,0,0,"National Accrediting Commission of Cosmetology Arts and Sciences",0,-2,"International School of Cosmetology-Toni & Guy Hairdressing Academy",NA,NA,NA,NA,NA,NA,NA,NA,NA,NA,NA,NA,NA,NA,NA,NA,NA,NA,NA,NA,NA,NA,NA,NA,NA,NA,NA,NA,NA,NA,NA,NA,NA,NA,NA,NA,NA,NA,NA,NA,NA,NA,NA,NA,2011,NA,NA,NA,NA,NA,NA,NA,NA,NA,NA,NA,NA,NA,NA,NA,NA,NA,NA,NA,NA,NA,NA,NA,NA,NA,NA,NA,NA,NA,NA,NA,NA,NA,NA,NA,NA,NA,NA,NA
"36",3472,"Tempe",4,NA,NA,NA,1,-2,0,2434,12,484899,-2,1,0,0,NA,1,0,-2,NA,85284,NA,0,NA,NA,NA,0,NA,NA,2,3,NA,NA,NA,NA,0,0,0,0,0,"National Accrediting Commission of Cosmetology Arts and Sciences",0,-2,"Aveda Institute-Phoenix",NA,NA,NA,NA,NA,NA,NA,NA,NA,NA,NA,NA,NA,NA,NA,NA,NA,NA,NA,NA,NA,NA,NA,NA,NA,NA,NA,NA,NA,NA,NA,NA,NA,NA,NA,NA,NA,NA,NA,NA,NA,NA,NA,NA,2011,NA,NA,NA,NA,NA,NA,NA,NA,NA,NA,NA,NA,NA,NA,NA,NA,NA,NA,NA,NA,NA,NA,NA,NA,NA,NA,NA,NA,NA,NA,NA,NA,NA,NA,NA,NA,NA,NA,NA
"37",1944,"Fountain Hills",4,17,NA,0.8235,1,-2,1,10364,21,404037,-2,1,0,0,0,1,0,-2,0,85268,NA,0,NA,0.0588,0,0,0,0,1,3,0.3571,0.0588,0.0588,0,0,0,0,0,0,"Accrediting Commission of Career Schools and Colleges",0,-2,"American Institute of Interior Design",NA,NA,NA,NA,NA,NA,NA,NA,NA,NA,NA,NA,NA,NA,NA,NA,NA,NA,NA,NA,NA,NA,NA,NA,NA,NA,NA,NA,NA,NA,NA,NA,NA,NA,NA,NA,NA,NA,NA,NA,17659,NA,NA,12600,2011,22856,0.8235,NA,NA,NA,NA,NA,0.3929,NA,NA,NA,NA,NA,NA,NA,NA,35,8313,NA,NA,NA,20060,NA,NA,NA,NA,NA,NA,NA,NA,NA,NA,NA,NA,NA,NA,NA,NA,NA
"38",4914,"Scottsdale",4,190,NA,0.8,1,-2,1,9941,11,460914,-2,1,0,0,0,1,0,-2,0.0158,85254,NA,0,NA,0.0105,0.0105,0,0,0,1,3,0.2448,0.0947,0.0053,0.0632,0,0,0,0,0,"Council on Occupational Education",0,-2,"Penrose Academy",NA,NA,0.9302,0.9302,NA,NA,NA,NA,NA,NA,NA,NA,NA,NA,NA,NA,NA,NA,NA,NA,NA,NA,NA,NA,NA,NA,NA,NA,NA,NA,NA,NA,NA,NA,NA,NA,NA,NA,NA,NA,16163,NA,NA,15900,2011,52157,0.2526,32926,NA,78218,32926,0.2063492063,0.3462,NA,NA,0.3412698413,0.940476191,0.1388888889,0.3761061947,0.4246031746,10447,25,9500,0.6238938053,0.662698413,NA,27152,NA,NA,NA,NA,NA,NA,NA,NA,NA,NA,NA,NA,NA,NA,NA,NA,NA
"39",1761,"Phoenix",4,301,3396,0.3056,3,10,0,13937,11,474890,-2,1,0,0,0,2,0,26,0.1362,85051,0.35,0,25134,0.0066,0.0066,1,0,0.0299,3,2,0.9657,0.3223,0.1927,0,0,0,0,0,1,"Accrediting Commission of Career Schools and Colleges",0,6,"CollegeAmerica-Phoenix",NA,NA,NA,NA,NA,NA,NA,NA,NA,NA,NA,NA,NA,NA,NA,NA,NA,NA,NA,NA,NA,NA,NA,NA,NA,NA,NA,NA,NA,NA,NA,NA,NA,NA,NA,NA,NA,NA,NA,NA,NA,15790,15790,NA,2011,17306,0.6213,14079,0.0570469799,28219,14079,0.244966443,1,0.0234899329,0.7572706935,0.3489932886,0.937360179,0.129753915,0.559347181,0.2281879195,23871,28,14750,0.440652819,0.954138703,0.4480712166,11671,0.0570469799,NA,NA,NA,NA,NA,NA,NA,NA,NA,NA,NA,NA,NA,NA,NA,NA
"40",3937,"Phoenix",4,225,NA,0.64,1,-2,0,7589,11,474915,-2,1,0,0,0,1,0,-2,0.0311,85022,NA,0,NA,0.0044,0,0,0.36,0.0044,3,3,0.8247,0.2756,0.0444,0,0,0,0,0,0,"National Accrediting Commission of Cosmetology Arts and Sciences",0,-2,"Avalon School of Cosmetology-Phoenix",NA,NA,NA,NA,NA,NA,NA,NA,NA,NA,NA,NA,NA,NA,NA,NA,NA,NA,NA,NA,NA,NA,NA,NA,NA,NA,NA,NA,NA,NA,NA,NA,NA,NA,NA,NA,NA,NA,NA,NA,13664,NA,NA,15250,2011,32297,0.2889,17186,0.0093457944,52959,17186,0.191588785,0.9639,0.0299065421,0.9308411215,0.3317757009,0.909345794,0.1205607477,0.5022624434,0.4224299065,10555,24,8027.5,0.4977375566,0.842056075,0.4457013575,19921,0.0570093458,NA,NA,NA,NA,NA,NA,NA,NA,NA,NA,NA,NA,NA,NA,NA,NA
"41",14639,"Phoenix",4,70,NA,0.4,1,-2,0,22342,11,450845,NA,0,0,0,0,1,0,-2,0.0286,85051,NA,0,NA,0,0.2429,0,0.4143,0.0286,85,3,0.6323,0.1,0.0429,0.1571,0,0,0,0,0,"National Accrediting Commission of Cosmetology Arts and Sciences",0,-2,"Regency Beauty Institute-Metro Center",NA,NA,NA,NA,NA,NA,NA,NA,NA,NA,NA,NA,NA,NA,NA,NA,NA,NA,NA,NA,NA,NA,NA,NA,NA,NA,NA,NA,NA,NA,NA,NA,NA,NA,NA,NA,NA,NA,NA,NA,24657,NA,NA,17525,2011,25302,0.3857,13235,0.0077943965,45993,13235,0.1574327646,0.6774,0.0460641809,0.9506354891,0.4447721368,0.902394495,0.1813777122,0.5287659574,0.3683730075,14144,25,8688,0.4712340426,0.886454603,0.4782978723,14251,0.0843339653,NA,NA,NA,NA,NA,NA,NA,NA,NA,NA,NA,NA,NA,NA,NA,NA
"42",2740,"Chandler",4,176,NA,0.5966,1,-2,1,9265,21,455725,-2,1,0,0,0,1,0,-2,0.0057,85224,NA,0,NA,0.0114,0.0114,0,0,0.017,1,3,0.4569,0.1875,0.1477,0.0227,0,0,0,0,0,"National Accrediting Commission of Cosmetology Arts and Sciences",0,-2,"Studio Academy of Beauty",NA,NA,NA,NA,NA,NA,NA,NA,NA,NA,NA,NA,NA,NA,NA,NA,NA,NA,NA,NA,NA,NA,NA,NA,NA,NA,NA,NA,NA,NA,NA,NA,NA,NA,NA,NA,NA,NA,NA,NA,12788,NA,NA,15713,2011,29198,0.5,22202,NA,46050,22202,0.2239747634,0.944,0.047318612,NA,0.3943217666,0.876971609,0.1892744479,0.5019305019,0.2933753943,7000,27,6333,0.4980694981,0.813880126,0.4362934363,17390,0.1041009464,NA,NA,NA,NA,NA,NA,NA,NA,NA,NA,NA,NA,NA,NA,NA,NA
"43",2581,"Phoenix",4,9970,5018,0.4635,4,11,0,9410,11,456348,-2,1,1,0,0.0284,3,0,17,0.0099,85021,0.0797,0,40970,0.0046,0.0558,0,0.2456,0.0045,28,3,0.809,0.072,0.3269,0.0344,0,0,0,0,0,"Western Association of Schools and Colleges Senior Colleges and University Commission",0,15,"Argosy University-Phoenix Online Division",NA,NA,NA,0.4876,NA,NA,NA,NA,NA,NA,NA,NA,NA,NA,NA,NA,NA,NA,NA,NA,NA,NA,NA,NA,NA,NA,NA,NA,NA,NA,NA,NA,NA,NA,NA,NA,NA,NA,NA,NA,NA,19812,19812,NA,2011,22322,0.8272,17353,0.0428988063,43136,17353,0.2314500814,0.9133,0.0504272925,0.6906199132,0.5153621812,0.842546121,0.1996744438,0.527886031,0.1927563755,18500,32,6355,0.472113969,0.873813077,0.4568286135,14220,0.0925461205,NA,NA,NA,NA,NA,NA,NA,NA,NA,NA,NA,NA,NA,NA,NA,NA
"44",2456,"Mesa",4,491,4071,0.6721,2,4,0,5481,21,456038,-2,1,0,0,0,1,0,10,0.0041,85209,0.4091,0,NA,0.0163,0.0794,0,0,0,11,3,0.4218,0.1853,0.0244,0.0183,0,0,0,0,0,"Accrediting Bureau of Health Education Schools",0,1,"Pima Medical Institute-East Valley",NA,NA,NA,NA,NA,NA,NA,NA,NA,NA,NA,NA,NA,NA,NA,NA,NA,NA,NA,NA,NA,NA,NA,NA,NA,NA,NA,NA,NA,NA,NA,NA,NA,NA,NA,NA,NA,NA,NA,NA,18680,NA,NA,10550,2011,30995,0.5295,23515,0.0162740025,46389,23515,0.2405692496,0.5952,0.0291434019,0.8160152526,0.318738935,0.910458941,0.1201143947,0.5061587405,0.3269780744,8323,27,7500,0.4938412595,0.798311317,0.4364140631,20777,0.0542012801,NA,NA,NA,NA,NA,NA,NA,NA,NA,NA,NA,NA,NA,NA,NA,NA
"45",4846,"Tucson",4,NA,2778,NA,4,0,1,14885,11,446039,-2,1,0,0,NA,4,0,26,NA,85716,NA,0,NA,NA,NA,0,NA,NA,1,3,NA,NA,NA,NA,0,0,0,0,0,"Accrediting Commission for Acupuncture and Oriental Medicine",0,18,"Arizona School of Acupuncture and Oriental Medicine",NA,NA,NA,NA,NA,NA,NA,NA,NA,NA,NA,NA,NA,NA,NA,NA,NA,NA,NA,NA,NA,NA,NA,NA,NA,NA,NA,NA,NA,NA,NA,NA,NA,NA,NA,NA,NA,NA,NA,NA,NA,NA,NA,NA,2011,NA,NA,NA,NA,NA,NA,NA,NA,NA,NA,NA,NA,NA,NA,NA,NA,NA,NA,NA,NA,NA,NA,NA,NA,NA,NA,NA,NA,NA,NA,NA,NA,NA,NA,NA,NA,NA,NA,NA
"46",4112,"Phoenix",4,1031,NA,0.2832,1,-2,0,1792,11,246895,-2,1,0,0,0,1,0,-2,0.0456,85034,NA,0,NA,0.0349,0.2182,0,0.4753,0.0029,2,1,0.4009,0.2483,0.128,0.0388,0,0,0,0,0,"North Central Association of Colleges and Schools The Higher Learning Commission",0,-2,"Maricopa Skill Center",NA,NA,NA,NA,NA,NA,NA,NA,NA,NA,NA,NA,NA,NA,NA,NA,NA,NA,NA,NA,NA,NA,NA,NA,NA,NA,NA,NA,NA,NA,NA,NA,NA,NA,NA,NA,NA,NA,NA,NA,14329,NA,NA,8330,2011,26054,0.3726,23266,0.0113402062,34563,23266,0.2346391753,0.2972,0.061443299,0.5845360825,0.4812371134,0.626597938,0.2193814433,0.5209908735,0.2468041237,7250,30,5500,0.4790091265,0.857319588,0.4192959583,19369,0.1101030928,NA,NA,NA,NA,NA,NA,NA,NA,NA,NA,NA,NA,NA,NA,NA,NA
"47",2511,"Tempe",4,691,NA,0.6165,1,-2,1,5993,12,262341,-2,1,0,0,0.0014,1,0,-2,0.0217,85282,NA,0,NA,0.013,0,0,0,0.0029,1,3,0.5735,0.1737,0.1245,0.0463,0,0,0,0,0,"Accrediting Commission of Career Schools and Colleges",0,-2,"Conservatory of Recording Arts and Sciences",NA,NA,NA,NA,NA,NA,NA,NA,NA,NA,NA,NA,NA,NA,NA,NA,NA,NA,NA,NA,NA,NA,NA,NA,NA,NA,NA,NA,NA,NA,NA,NA,NA,NA,NA,NA,NA,NA,NA,NA,23951,NA,NA,16150,2011,42990,0.2243,18183,0.0130208333,60333,18183,0.0850694444,0.8522,0.0355902778,0.0928819444,0.2578125,0.921006944,0.0963541667,0.3552502453,0.5885416667,11125,23,8125,0.6447497547,0.706597222,0.3238469087,26900,0.0607638889,NA,NA,NA,NA,NA,NA,NA,NA,NA,NA,NA,NA,NA,NA,NA,NA
"48",5115,"Phoenix",4,600,5836,0.5033,2,3,0,13764,11,250601,-2,1,0,0,0,2,0,10,0.0467,85017,0.32,0,NA,0.035,0.0433,0,0,0.01,6,3,0.3945,0.2767,0.0767,0.0083,0,0,0,0,0,"Western Association of Schools and Colleges Accrediting Commission for Community and Junior Colleges",0,1,"Carrington College-Westside",NA,NA,1,1,NA,NA,NA,NA,NA,NA,NA,NA,NA,NA,NA,NA,NA,NA,NA,NA,NA,NA,NA,NA,NA,NA,NA,NA,NA,NA,NA,NA,NA,NA,NA,NA,NA,NA,NA,NA,28846,NA,NA,46715,2011,25740,0.645,19675,0.0173897126,39290,19675,0.2077613033,0.5862,0.0285557386,0.7763133809,0.3082555373,0.896943072,0.108365367,0.5547073791,0.3091707853,9500,27,9500,0.4452926209,0.886509244,0.4563960213,16924,0.0508877906,NA,NA,NA,NA,NA,NA,NA,NA,NA,NA,NA,NA,NA,NA,NA,NA
"49",11139,"Tempe",4,85,NA,0.6471,1,-2,1,18499,12,419156,-2,1,0,0,0,1,0,-2,0,85282,NA,0,NA,0.0118,0.0118,0,0,0.0118,2,3,0.4521,0.1882,0.0235,0.1059,0,0,0,0,0,"National Accrediting Commission of Cosmetology Arts and Sciences",0,-2,"Carsten Institute of Cosmetology",NA,NA,NA,NA,NA,NA,NA,NA,NA,NA,NA,NA,NA,NA,NA,NA,NA,NA,NA,NA,NA,NA,NA,NA,NA,NA,NA,NA,NA,NA,NA,NA,NA,NA,NA,NA,NA,NA,NA,NA,15048,NA,NA,16085,2011,34498,0.2706,18532,NA,62572,18532,0.1419939577,0.5548,0.0664652568,0.8640483384,0.3806646526,0.933534743,0.1722054381,0.484962406,0.3625377644,7553,27,7308,0.515037594,0.761329305,0.4398496241,19068,0.1087613293,NA,NA,NA,NA,NA,NA,NA,NA,NA,NA,NA,NA,NA,NA,NA,NA
"50",7824,"Tucson",4,849,2597,0.2933,3,6,0,20795,11,438179,-2,1,0,0,0,1,0,23,0.04,85711,0.5185,0,NA,0.0047,0.053,0,0,0,4,3,0.7362,0.5218,0.0848,0.0024,0,0,0,0,0,"Accrediting Council for Independent Colleges and Schools",0,6,"Brookline College-Tucson",NA,NA,NA,NA,NA,NA,NA,NA,NA,NA,NA,NA,NA,NA,NA,NA,NA,NA,NA,NA,NA,NA,NA,NA,NA,NA,NA,NA,NA,NA,NA,NA,NA,NA,NA,NA,NA,NA,NA,NA,25983,NA,NA,14500,2011,16535,0.4829,13161,0.0203854117,27884,13161,0.2081541647,0.7332,0.0226150661,0.790093964,0.2844401975,0.937091894,0.1009714923,0.5830464716,0.2291766205,9500,28,9034,0.4169535284,0.946806816,0.4694492255,11247,0.0473005256,NA,NA,NA,NA,NA,NA,NA,NA,NA,NA,NA,NA,NA,NA,NA,NA
"51",5427,"Scottsdale",4,107,NA,0.6916,1,-2,1,7936,12,105482,-2,1,0,0,0,1,0,-2,0.0561,85257,NA,0,NA,0.0187,0,0,0.4393,0,1,3,0.5366,0.1776,0.0187,0.0374,0,0,0,0,0,"Accrediting Council for Continuing Education & Training",0,-2,"Cortiva Institute-Scottsdale",NA,NA,NA,NA,NA,NA,NA,NA,NA,NA,NA,NA,NA,NA,NA,NA,NA,NA,NA,NA,NA,NA,NA,NA,NA,NA,NA,NA,NA,NA,NA,NA,NA,NA,NA,NA,NA,NA,NA,NA,17426,NA,NA,11150,2011,34995,0.6916,27816,NA,56532,27816,0.1927083333,0.7805,NA,0.6979166667,0.2864583333,0.921875,NA,0.3882352941,0.25,9500,32,7917,0.6117647059,0.666666667,NA,22419,NA,NA,NA,NA,NA,NA,NA,NA,NA,NA,NA,NA,NA,NA,NA,NA,NA
"52",9626,"Phoenix",4,40,NA,0.95,1,-2,1,10458,11,105677,-2,1,0,0,0,1,0,-2,0,85007,NA,0,NA,0.025,0,0,0,0.025,1,3,0.3143,0,0,0,0,0,0,0,0,"Accrediting Commission of Career Schools and Colleges",0,-2,"Roberto-Venn School of Luthiery",NA,NA,NA,NA,NA,NA,NA,NA,NA,NA,NA,NA,NA,NA,NA,NA,NA,NA,NA,NA,NA,NA,NA,NA,NA,NA,NA,NA,NA,NA,NA,NA,NA,NA,NA,NA,NA,NA,NA,NA,19270,NA,NA,9950,2011,54316,0.35,26007,NA,88551,26007,0.1578947368,0.6,NA,NA,0.2421052632,NA,NA,NA,0.4526315789,NA,27,7315,NA,0.589473684,NA,23978,NA,NA,NA,NA,NA,NA,NA,NA,NA,NA,NA,NA,NA,NA,NA,NA,NA
"53",6584,"Scottsdale",4,8470,9505,0.6366,2,1,1,2294,41,105747,-2,1,0,0,0.0112,2,0,3,0.0446,85256,1,0,12807,0.0241,0.0787,0,0.5959,0.003,1,1,0.1967,0.1385,0.0468,0.0165,0,0,0,0,0,"North Central Association of Colleges and Schools The Higher Learning Commission",0,4,"Scottsdale Community College",NA,NA,NA,NA,NA,NA,NA,NA,NA,NA,NA,NA,NA,NA,NA,NA,NA,NA,NA,NA,NA,NA,NA,NA,NA,NA,NA,NA,NA,NA,NA,NA,NA,NA,NA,NA,NA,NA,NA,NA,NA,1854,7638,NA,2011,33833,0.3718,20013,0.0185584808,49663,20013,0.1249460509,0.1583,0.1018558481,0.5276219249,0.5658178679,0.617608977,0.3025463962,0.4320897342,0.4661199827,NA,26,3500,0.5679102658,0.800172637,0.3938063887,21950,0.1681053086,NA,NA,NA,NA,NA,NA,NA,NA,NA,NA,NA,NA,NA,NA,NA,NA
"54",12071,"Tucson",4,30445,10303,0.5876,4,13,1,12441,11,104179,-2,1,0,0,0.0392,3,0,15,0.0116,85721,0.7352,0,21624,0.0565,0.0143,0,0.1055,0.0018,1,1,0.3164,0.2171,0.0324,0.0395,0,0,0,0,0,"North Central Association of Colleges and Schools The Higher Learning Commission",0,15,"University of Arizona",NA,NA,0.7536,0.7536,480,610,490,620,NA,NA,545,555,NA,21,27,NA,NA,NA,NA,NA,NA,24,NA,NA,NA,1102,1102,NA,NA,NA,NA,NA,NA,NA,NA,NA,NA,NA,NA,NA,NA,10035,25494,NA,2011,68642,0.0919,19946,0.0053546421,79117,19946,0.0503336354,0.3952,0.1757146388,0.5454320784,0.5607545926,0.826591976,0.3470631848,0.3213491145,0.8229672955,17477,21,11251,0.6786508855,0.674520142,0.2880662098,44064,0.2413707884,NA,NA,NA,NA,NA,NA,NA,NA,NA,NA,NA,NA,NA,NA,NA,NA
"55",3443,"Tucson",4,497,NA,0.2455,1,-2,1,12540,11,105987,-2,1,0,0,0.002,1,0,-2,0.0362,85711,NA,0,NA,0.004,0.1509,0,0,0,1,3,0.6947,0.5231,0.0322,0.006,0,0,0,0,0,"Accrediting Council for Independent Colleges and Schools",0,-2,"Tucson College",NA,NA,NA,NA,NA,NA,NA,NA,NA,NA,NA,NA,NA,NA,NA,NA,NA,NA,NA,NA,NA,NA,NA,NA,NA,NA,NA,NA,NA,NA,NA,NA,NA,NA,NA,NA,NA,NA,NA,NA,23455,NA,NA,13320,2011,15121,0.5493,11444,0.0194672131,27539,11444,0.205942623,0.5255,NA,0.5942622951,0.1977459016,0.9375,0.0655737705,0.5897435897,0.2284836066,8878,27,8596,0.4102564103,0.963114754,0.50997151,10773,NA,NA,NA,NA,NA,NA,NA,NA,NA,NA,NA,NA,NA,NA,NA,NA,NA
"56",3883,"Tucson",4,726,5464,0.5165,3,11,0,10380,11,104364,-2,1,0,0,0,2,0,23,0.0923,85712,0.0893,0,28349,0.0152,0.0248,0,0,0.0165,33,3,0.8395,0.2121,0.1033,0.0193,0,0,0,0,0,"Accrediting Council for Independent Colleges and Schools",0,6,"Brown Mackie College-Tucson",NA,NA,NA,0.5425,NA,NA,NA,NA,NA,NA,NA,NA,NA,NA,NA,NA,NA,NA,NA,NA,NA,NA,NA,NA,NA,NA,NA,NA,NA,NA,NA,NA,NA,NA,NA,NA,NA,NA,NA,NA,NA,12220,12220,NA,2011,23109,0.6281,16790,0.0345872748,41424,16790,0.2000439979,0.8803,0.0334628828,0.7184620273,0.6344015057,0.862750849,0.1974041211,0.5398677676,0.2565324729,13908,29,6334,0.4601322324,0.889369607,0.4855123244,15060,0.0729632617,NA,NA,NA,NA,NA,NA,NA,NA,NA,NA,NA,NA,NA,NA,NA,NA
"57",3265,"Tucson",4,193,NA,0.6218,1,-2,1,7758,11,104504,-2,1,0,0,0,1,0,-2,0.0207,85710,NA,0,NA,0.0104,0.0104,0,0.399,0.0052,1,3,0.6635,0.2953,0.0207,0.0155,0,0,0,0,0,"Accrediting Commission of Career Schools and Colleges",0,-2,"Cortiva Institute-Tucson",NA,NA,NA,NA,NA,NA,NA,NA,NA,NA,NA,NA,NA,NA,NA,NA,NA,NA,NA,NA,NA,NA,NA,NA,NA,NA,NA,NA,NA,NA,NA,NA,NA,NA,NA,NA,NA,NA,NA,NA,23955,NA,NA,11150,2011,29360,0.6891,24447,NA,44709,24447,0.2124711316,0.8585,NA,0.7136258661,0.2863741339,0.939953811,0.0877598152,0.4532577904,0.2424942263,9363.5,31,7917,0.5467422096,0.762124711,0.3966005666,19055,NA,NA,NA,NA,NA,NA,NA,NA,NA,NA,NA,NA,NA,NA,NA,NA,NA
"58",6111,"Tucson",4,188,NA,0.1702,1,-2,0,8029,11,103741,-2,1,0,0,0,1,0,-2,0.0106,85716,NA,0,NA,0.0106,0.0053,0,0.266,0,13,3,0.7864,0.7181,0.0851,0,0,0,0,0,0,"National Accrediting Commission of Cosmetology Arts and Sciences",0,-2,"Empire Beauty School-Tucson",NA,NA,NA,NA,NA,NA,NA,NA,NA,NA,NA,NA,NA,NA,NA,NA,NA,NA,NA,NA,NA,NA,NA,NA,NA,NA,NA,NA,NA,NA,NA,NA,NA,NA,NA,NA,NA,NA,NA,NA,16977,NA,NA,16000,2011,20025,0.3989,13171,NA,31062,13171,0.1915422886,0.7153,NA,0.9253731343,0.3333333333,0.875621891,0.1144278607,0.5694444444,0.3830845771,14140.5,26,10556,0.4305555556,0.947761194,0.4618055556,14366,NA,NA,NA,NA,NA,NA,NA,NA,NA,NA,NA,NA,NA,NA,NA,NA,NA
"59",5458,"Phoenix",4,421,NA,0.4727,1,-2,1,7854,11,103811,-2,1,0,0,0,1,0,-2,0.0024,85043,NA,0,NA,0.0214,0.0404,0,0,0,1,3,0.6222,0.1829,0.2803,0,0,0,0,0,0,"Accrediting Commission of Career Schools and Colleges",0,-2,"American Institute of Technology",NA,NA,NA,NA,NA,NA,NA,NA,NA,NA,NA,NA,NA,NA,NA,NA,NA,NA,NA,NA,NA,NA,NA,NA,NA,NA,NA,NA,NA,NA,NA,NA,NA,NA,NA,NA,NA,NA,NA,NA,17388,NA,NA,8420,2011,26434,0.9169,25673,0.1277452416,37977,25673,0.385431918,0.8912,0.0058565154,0.10761347,0.0984626647,0.993045388,0.0226939971,0.6205016358,0.0618594436,5062,38,5062,0.3794983642,0.663982431,0.5294438386,20434,0.0098828697,NA,NA,NA,NA,NA,NA,NA,NA,NA,NA,NA,NA,NA,NA,NA,NA
"60",5705,"Phoenix",4,3863,9437,0.1621,2,1,1,982,11,105792,-2,1,0,0,0.0031,2,0,2,0.0634,85042,1,0,12786,0.0313,0.0981,0,0.6394,0.0013,1,1,0.3189,0.4214,0.211,0.0083,0,0,0,0,0,"North Central Association of Colleges and Schools The Higher Learning Commission",0,3,"South Mountain Community College",NA,NA,NA,NA,NA,NA,NA,NA,NA,NA,NA,NA,NA,NA,NA,NA,NA,NA,NA,NA,NA,NA,NA,NA,NA,NA,NA,NA,NA,NA,NA,NA,NA,NA,NA,NA,NA,NA,NA,NA,NA,1854,7638,NA,2011,22309,0.4346,16970,0.0084286574,29443,16970,0.15743528,0.0809,0.089704997,0.604154124,0.5246839253,0.44551475,0.268512944,0.5766773163,0.4280553883,NA,27,4416,0.4233226837,0.946417821,0.4329073482,17848,0.1514148104,NA,NA,NA,NA,NA,NA,NA,NA,NA,NA,NA,NA,NA,NA,NA,NA
"61",1925,"Tempe",4,721,5229,0.4341,3,6,0,19621,12,105172,-2,0,0,0,0,2,0,28,0.1526,85282,0.1111,0,26952,0.025,0.0305,0,0.2039,0.0111,142,3,0.6852,0.2399,0.1026,0.0042,0,0,1,0,0,"Accrediting Council for Independent Colleges and Schools",0,6,"ITT Technical Institute-Tempe",NA,NA,0.7426,0.7359,NA,NA,NA,NA,NA,NA,NA,NA,NA,NA,NA,NA,NA,NA,NA,NA,NA,NA,NA,NA,NA,NA,NA,NA,NA,NA,NA,NA,NA,NA,NA,NA,NA,NA,NA,NA,NA,18048,18048,NA,2011,26185,0.656,20374,0.1274693006,43537,20374,0.2363270822,0.8154,0.0179024293,0.2892585424,0.2467632141,0.837184664,0.0778830753,0.5399116884,0.2508759343,11500,29,6334,0.4600883116,0.85447811,0.4830771869,18347,0.0331103177,NA,NA,NA,NA,NA,NA,NA,NA,NA,NA,NA,NA,NA,NA,NA,NA
"62",9532,"Tsaile",4,1969,5768,0.0066,3,5,1,157,43,105297,-2,1,0,0,0.0015,2,1,33,0.9868,86556,1,0,11752,0.0015,0,0,0.3667,5e-04,1,1,0.1841,0.0025,5e-04,0,0,0,0,0,0,"North Central Association of Colleges and Schools The Higher Learning Commission",1,9,"Dine College",NA,NA,NA,NA,NA,NA,NA,NA,NA,NA,NA,NA,NA,NA,NA,NA,NA,NA,NA,NA,NA,NA,NA,NA,NA,NA,NA,NA,NA,NA,NA,NA,NA,NA,NA,NA,NA,NA,NA,NA,NA,805,805,NA,2011,17754,0.4646,10392,NA,25854,10392,0.0925925926,0,0.0531660693,0.6063321386,0.3494623656,NA,0.1666666667,0.4871794872,0.4761051374,NA,24,NA,0.5128205128,NA,0.4268476621,14159,0.0943847073,NA,NA,NA,NA,NA,NA,NA,NA,NA,NA,NA,NA,NA,NA,NA,NA
"63",6584,"Flagstaff",4,53,NA,0.4906,1,-2,0,8056,13,104434,-2,1,0,0,0,1,0,-2,0.2453,86004,NA,0,NA,0.0377,0,0,0,0,14,3,0.6184,0.1509,0.0566,0.0189,0,0,0,0,0,"National Accrediting Commission of Cosmetology Arts and Sciences",0,-2,"Empire Beauty School-Flagstaff",NA,NA,NA,NA,NA,NA,NA,NA,NA,NA,NA,NA,NA,NA,NA,NA,NA,NA,NA,NA,NA,NA,NA,NA,NA,NA,NA,NA,NA,NA,NA,NA,NA,NA,NA,NA,NA,NA,NA,NA,16983,NA,NA,16000,2011,28624,0.3962,20245,NA,42365,20245,0.2036659878,0.6053,0.0305498982,0.9368635438,0.3686354379,0.922606925,0.1262729124,0.5222772277,0.3788187373,15491,25,10556,0.4777227723,0.881873727,0.4628712871,16636,0.0590631365,NA,NA,NA,NA,NA,NA,NA,NA,NA,NA,NA,NA,NA,NA,NA,NA
"64",1771,"Phoenix",4,409,6026,0.5257,4,5,0,6371,11,105367,52,1,0,0,0,3,0,19,0.0122,85021,0.875,0,NA,0.0122,0.2078,0,0.9731,0,5,2,0.4528,0.1491,0.0929,0,0,0,0,0,0,"North Central Association of Colleges and Schools The Higher Learning Commission",0,6,"Ottawa University-Phoenix",NA,NA,NA,0.9462,NA,NA,NA,NA,NA,NA,NA,NA,NA,NA,NA,NA,NA,NA,NA,NA,NA,NA,NA,NA,NA,NA,986,NA,NA,NA,NA,NA,NA,NA,NA,NA,NA,NA,NA,NA,NA,NA,NA,NA,2011,49245,0.8843,43845,0.0097647581,67110,43845,0.3573013759,0.6994,0.0932090546,0.6595650244,0.5157567688,0.95295162,0.264536174,0.4772497472,0.2321349312,21646,32,9500,0.5227502528,0.661784288,0.4332659252,37947,0.1420328451,NA,NA,NA,NA,NA,NA,NA,NA,NA,NA,NA,NA,NA,NA,NA,NA
"65",4924,"Fort Mohave",4,52,NA,0.6538,1,-2,1,10205,33,459125,-2,1,0,0,0,1,0,-2,0.0192,86426,NA,0,NA,0,0.0192,0,0,0,2,3,0.8235,0.2308,0,0.0769,0,0,0,0,0,"National Accrediting Commission of Cosmetology Arts and Sciences",0,-2,"All Beauty College",NA,NA,NA,NA,NA,NA,NA,NA,NA,NA,NA,NA,NA,NA,NA,NA,NA,NA,NA,NA,NA,NA,NA,NA,NA,NA,NA,NA,NA,NA,NA,NA,NA,NA,NA,NA,NA,NA,NA,NA,11189,NA,NA,13600,2011,17584,0.5577,12470,NA,30793,12470,0.2209302326,0.8235,NA,NA,NA,NA,NA,0.4861111111,0.2790697674,9500,26,7140,0.5138888889,NA,NA,10431,NA,NA,NA,NA,NA,NA,NA,NA,NA,NA,NA,NA,NA,NA,NA,NA,NA
"66",6226,"Tucson",4,73,NA,0.3014,1,-2,0,9502,11,458177,-2,1,0,0,0,1,0,-2,0.0274,85705,NA,0,NA,0.0137,0.3014,0,0.2603,0,85,3,0.5882,0.2466,0.0274,0.0822,0,0,0,0,0,"National Accrediting Commission of Cosmetology Arts and Sciences",0,-2,"Regency Beauty Institute-North Tucson",NA,NA,NA,NA,NA,NA,NA,NA,NA,NA,NA,NA,NA,NA,NA,NA,NA,NA,NA,NA,NA,NA,NA,NA,NA,NA,NA,NA,NA,NA,NA,NA,NA,NA,NA,NA,NA,NA,NA,NA,23335,NA,NA,17525,2011,25302,0.3562,13235,0.0077943965,45993,13235,0.1574327646,0.7647,0.0460641809,0.9506354891,0.4447721368,0.902394495,0.1813777122,0.5287659574,0.3683730075,14144,25,8688,0.4712340426,0.886454603,0.4782978723,14251,0.0843339653,NA,NA,NA,NA,NA,NA,NA,NA,NA,NA,NA,NA,NA,NA,NA,NA
"67",1636,"Phoenix",4,162,5406,0.3704,2,6,0,15646,11,470861,-2,0,0,0,0,2,0,14,0.0247,85037,0.0417,0,NA,0.0062,0.0123,0,0.142,0.0185,142,3,NA,0.4136,0.0741,0.0802,0,0,1,0,0,"Accrediting Council for Independent Colleges and Schools",0,6,"ITT Technical Institute-Phoenix West",NA,NA,0.8058,0.7359,NA,NA,NA,NA,NA,NA,NA,NA,NA,NA,NA,NA,NA,NA,NA,NA,NA,NA,NA,NA,NA,NA,NA,NA,NA,NA,NA,NA,NA,NA,NA,NA,NA,NA,NA,NA,NA,18048,18048,NA,2011,26185,0.5185,20374,0.1274693006,43537,20374,0.2363270822,NA,0.0179024293,0.2892585424,0.2467632141,0.837184664,0.0778830753,0.5399116884,0.2508759343,11500,29,6334,0.4600883116,0.85447811,0.4830771869,18347,0.0331103177,NA,NA,NA,NA,NA,NA,NA,NA,NA,NA,NA,NA,NA,NA,NA,NA
"68",9752,"Scottsdale",4,NA,7292,NA,4,5,0,12563,12,483124,-2,1,0,0,NA,3,0,17,NA,85257,0.8437,0,NA,NA,NA,0,NA,NA,5,1,NA,NA,NA,NA,0,0,0,0,0,"North Central Association of Colleges and Schools The Higher Learning Commission",0,12,"Arizona State University-Skysong",NA,NA,NA,NA,NA,NA,NA,NA,NA,NA,NA,NA,NA,NA,NA,NA,NA,NA,NA,NA,NA,NA,NA,NA,NA,NA,NA,NA,NA,NA,NA,NA,NA,NA,NA,NA,NA,NA,NA,NA,NA,NA,NA,NA,2011,NA,NA,NA,NA,NA,NA,NA,NA,NA,NA,NA,NA,NA,NA,NA,NA,NA,NA,NA,NA,NA,NA,NA,NA,NA,NA,NA,NA,NA,NA,NA,NA,NA,NA,NA,NA,NA,NA,NA
"69",5111,"Phoenix",4,406,6720,0.7217,3,7,0,18538,11,454245,-2,1,0,0,0.0025,3,0,26,0.0074,85021,0.1566,0,31200,0.0591,0.0123,0,0.3448,0.0172,9,3,0.463,0.1133,0.0517,0.0148,0,0,0,0,0,"North Central Association of Colleges and Schools The Higher Learning Commission",0,6,"Chamberlain College of Nursing-Arizona",NA,NA,0.75,0.8121,NA,NA,NA,NA,NA,NA,NA,NA,NA,NA,NA,NA,NA,NA,NA,NA,NA,NA,NA,NA,NA,NA,NA,NA,NA,NA,NA,NA,NA,NA,NA,NA,NA,NA,NA,NA,NA,16100,16100,NA,2011,69748,0.5764,68242,0.0275131333,80124,68242,0.4524085122,0.9012,0.0443415546,0.9179948357,0.3830469237,0.973199181,0.1606268364,0.4718816496,0.1267919152,25000,34,18750,0.5281183504,0.473956015,0.4188874253,60608,0.0855667349,NA,NA,NA,NA,NA,NA,NA,NA,NA,NA,NA,NA,NA,NA,NA,NA
"70",8599,"Casa Grande",4,54,NA,0.3704,1,-2,1,11716,41,444936,-2,1,0,0,0,1,0,-2,0.037,85122,NA,0,NA,0,0,0,0,0,1,3,0.9756,0.5556,0.037,0,0,0,0,0,0,"National Accrediting Commission of Cosmetology Arts and Sciences",0,-2,"Turning Point Beauty College",NA,NA,NA,NA,NA,NA,NA,NA,NA,NA,NA,NA,NA,NA,NA,NA,NA,NA,NA,NA,NA,NA,NA,NA,NA,NA,NA,NA,NA,NA,NA,NA,NA,NA,NA,NA,NA,NA,NA,NA,9385,NA,NA,13600,2011,19942,0.2407,14418,NA,34176,14418,0.1290322581,0.9756,NA,NA,NA,NA,NA,0.5526315789,0.2795698925,16315,26,15194.5,0.4473684211,NA,NA,10559,NA,NA,NA,NA,NA,NA,NA,NA,NA,NA,NA,NA,NA,NA,NA,NA,NA
"71",6579,"Prescott",4,110,NA,0.7182,1,-2,0,8053,13,262299,-2,0,0,0,0,1,0,-2,0.0455,86303,NA,0,NA,0.0182,0.0182,0,0.2636,0.0182,14,3,0.7572,0.1636,0.0182,0,0,0,0,0,0,"National Accrediting Commission of Cosmetology Arts and Sciences",0,-2,"Empire Beauty School-Prescott",NA,NA,NA,NA,NA,NA,NA,NA,NA,NA,NA,NA,NA,NA,NA,NA,NA,NA,NA,NA,NA,NA,NA,NA,NA,NA,NA,NA,NA,NA,NA,NA,NA,NA,NA,NA,NA,NA,NA,NA,17463,NA,NA,16000,2011,28624,0.4,20245,NA,42365,20245,0.2036659878,0.7052,0.0305498982,0.9368635438,0.3686354379,0.922606925,0.1262729124,0.5222772277,0.3788187373,15491,25,10556,0.4777227723,0.881873727,0.4628712871,16636,0.0590631365,NA,NA,NA,NA,NA,NA,NA,NA,NA,NA,NA,NA,NA,NA,NA,NA
"72",5015,"Tempe",4,966,4847,0.6366,4,11,1,21957,12,363934,-2,1,0,0,0.0062,3,0,28,0.0062,85283,0.2667,0,33146,0.0269,0.1356,0,0,0.0021,1,3,0.4387,0.0766,0.059,0.0507,0,0,0,0,0,"North Central Association of Colleges and Schools The Higher Learning Commission",0,8,"University of Advancing Technology",NA,NA,0.7811,0.7811,480,590,460,620,NA,NA,535,540,NA,16,26,19,26,18,26,NA,NA,21,23,22,NA,1036,1036,NA,NA,NA,NA,NA,NA,NA,NA,NA,NA,NA,NA,NA,NA,19500,19500,NA,2011,50338,0.3509,25859,0.0287769784,69039,25859,0.1611510791,0.6687,0.0589928058,0.1050359712,0.3798561151,0.920863309,0.1553956835,0.3446601942,0.5669064748,28000,23,14000,0.6553398058,0.707913669,0.3171521036,32656,0.0992805755,NA,NA,NA,NA,NA,NA,NA,NA,NA,NA,NA,NA,NA,NA,NA,NA
"73",2336,"Tempe",4,583,4353,0.3602,2,3,0,6210,12,404055,-2,1,0,0,0,1,0,13,0.0909,85281,0.4706,0,NA,0.0086,0.1081,0,0,0,4,3,0.7701,0.2967,0.1321,0.0034,0,0,0,0,0,"Accrediting Council for Independent Colleges and Schools",0,1,"Brookline College-Tempe",NA,NA,NA,NA,NA,NA,NA,NA,NA,NA,NA,NA,NA,NA,NA,NA,NA,NA,NA,NA,NA,NA,NA,NA,NA,NA,NA,NA,NA,NA,NA,NA,NA,NA,NA,NA,NA,NA,NA,NA,26652,NA,NA,14500,2011,16535,0.5197,13161,0.0203854117,27884,13161,0.2081541647,0.7869,0.0226150661,0.790093964,0.2844401975,0.937091894,0.1009714923,0.5830464716,0.2291766205,9500,28,9034,0.4169535284,0.946806816,0.4694492255,11247,0.0473005256,NA,NA,NA,NA,NA,NA,NA,NA,NA,NA,NA,NA,NA,NA,NA,NA
"74",8436,"Glendale",4,NA,8582,NA,4,13,0,10868,11,407009,-2,1,0,0,NA,3,0,19,NA,85306,0.8571,0,NA,NA,NA,0,NA,NA,5,1,NA,NA,NA,NA,0,0,0,0,1,"North Central Association of Colleges and Schools The Higher Learning Commission",0,12,"Arizona State University-West",NA,NA,NA,NA,NA,NA,NA,NA,NA,NA,NA,NA,NA,NA,NA,NA,NA,NA,NA,NA,NA,NA,NA,NA,NA,NA,NA,NA,NA,NA,NA,NA,NA,NA,NA,NA,NA,NA,NA,NA,NA,NA,NA,NA,2011,NA,NA,NA,NA,NA,NA,NA,NA,NA,NA,NA,NA,NA,NA,NA,NA,NA,NA,NA,NA,NA,NA,NA,NA,NA,NA,NA,NA,NA,NA,NA,NA,NA,NA,NA,NA,NA,NA,NA
"75",10977,"Tempe",4,NA,5920,NA,4,0,1,22828,12,420246,-2,1,0,0,NA,4,0,26,NA,85282,1,0,NA,NA,NA,0,NA,NA,1,2,NA,NA,NA,NA,0,0,0,0,0,"North Central Association of Colleges and Schools The Higher Learning Commission",0,18,"Southwest College of Naturopathic Medicine & Health Sciences",NA,NA,NA,NA,NA,NA,NA,NA,NA,NA,NA,NA,NA,NA,NA,NA,NA,NA,NA,NA,NA,NA,NA,NA,NA,NA,NA,NA,NA,NA,NA,NA,NA,NA,NA,NA,NA,NA,NA,NA,NA,NA,NA,NA,2011,NA,NA,NA,NA,NA,NA,NA,NA,NA,NA,NA,NA,NA,NA,NA,NA,NA,NA,NA,NA,NA,NA,NA,NA,NA,NA,NA,NA,NA,NA,NA,NA,NA,NA,NA,NA,NA,NA,NA
"76",5824,"Tucson",4,100,NA,0.29,1,-2,0,8889,11,450854,-2,1,0,0,0,1,0,-2,0.01,85710,NA,0,NA,0,0.26,0,0.29,0.02,85,3,0.6491,0.2,0.05,0.17,0,0,0,0,0,"National Accrediting Commission of Cosmetology Arts and Sciences",0,-2,"Regency Beauty Institute-East Tucson",NA,NA,NA,NA,NA,NA,NA,NA,NA,NA,NA,NA,NA,NA,NA,NA,NA,NA,NA,NA,NA,NA,NA,NA,NA,NA,NA,NA,NA,NA,NA,NA,NA,NA,NA,NA,NA,NA,NA,NA,24763,NA,NA,17525,2011,25302,0.35,13235,0.0077943965,45993,13235,0.1574327646,0.731,0.0460641809,0.9506354891,0.4447721368,0.902394495,0.1813777122,0.5287659574,0.3683730075,14144,25,8688,0.4712340426,0.886454603,0.4782978723,14251,0.0843339653,NA,NA,NA,NA,NA,NA,NA,NA,NA,NA,NA,NA,NA,NA,NA,NA
"77",4418,"Phoenix",4,510,5430,0.7275,3,11,0,10087,11,456612,-2,1,0,0,0,2,0,14,0.0353,85029,0.1094,0,26698,0.0392,0.0157,0,0,0.0039,33,3,0.8362,0.0333,0.1333,0.0118,0,0,0,0,0,"Accrediting Council for Independent Colleges and Schools",0,6,"Brown Mackie College-Phoenix",NA,NA,NA,0.5425,NA,NA,NA,NA,NA,NA,NA,NA,NA,NA,NA,NA,NA,NA,NA,NA,NA,NA,NA,NA,NA,NA,NA,NA,NA,NA,NA,NA,NA,NA,NA,NA,NA,NA,NA,NA,NA,11108,11108,NA,2011,23109,0.5608,16790,0.0345872748,41424,16790,0.2000439979,0.9486,0.0334628828,0.7184620273,0.6344015057,0.862750849,0.1974041211,0.5398677676,0.2565324729,13908,29,6334,0.4601322324,0.889369607,0.4855123244,15060,0.0729632617,NA,NA,NA,NA,NA,NA,NA,NA,NA,NA,NA,NA,NA,NA,NA,NA
"78",3265,"Phoenix",4,192,NA,0.5729,1,-2,1,9698,11,459116,-2,1,0,0,0,1,0,-2,0.0156,85017,NA,0,NA,0,0,0,0.1667,0,1,3,0.4373,0.3958,0.0156,0,0,0,0,0,0,"National Accrediting Commission of Cosmetology Arts and Sciences",0,-2,"Paul Mitchell the School-Phoenix",NA,NA,NA,NA,NA,NA,NA,NA,NA,NA,NA,NA,NA,NA,NA,NA,NA,NA,NA,NA,NA,NA,NA,NA,NA,NA,NA,NA,NA,NA,NA,NA,NA,NA,NA,NA,NA,NA,NA,NA,18732,NA,NA,13500,2011,38115,0.2344,19209,NA,56599,19209,0.1509433962,0.4943,NA,0.9283018868,0.3924528302,0.890566038,0.1773584906,0.5,0.5056603774,10555.5,23,7523,0.5,0.8,0.4078947368,23424,NA,NA,NA,NA,NA,NA,NA,NA,NA,NA,NA,NA,NA,NA,NA,NA,NA
"79",3779,"Phoenix",4,NA,7160,NA,4,5,0,14697,11,482422,-2,1,0,0,NA,3,0,19,NA,85021,0.1783,0,NA,NA,NA,0,NA,NA,25,3,NA,NA,NA,NA,0,0,0,0,0,"North Central Association of Colleges and Schools The Higher Learning Commission",0,6,"DeVry University-Arizona",NA,NA,NA,NA,NA,NA,NA,NA,NA,NA,NA,NA,NA,NA,NA,NA,NA,NA,NA,NA,NA,NA,NA,NA,NA,NA,NA,NA,NA,NA,NA,NA,NA,NA,NA,NA,NA,NA,NA,NA,NA,NA,NA,NA,2011,NA,NA,NA,NA,NA,NA,NA,NA,NA,NA,NA,NA,NA,NA,NA,NA,NA,NA,NA,NA,NA,NA,NA,NA,NA,NA,NA,NA,NA,NA,NA,NA,NA,NA,NA,NA,NA,NA,NA
"80",1784,"Kingman",4,NA,NA,NA,1,-2,0,729,33,485306,-2,1,0,0,NA,1,0,-2,NA,86409,NA,0,NA,NA,NA,0,NA,NA,2,3,NA,NA,NA,NA,0,0,0,0,0,"National Accrediting Commission of Cosmetology Arts and Sciences",0,-2,"All Beauty College",NA,NA,NA,NA,NA,NA,NA,NA,NA,NA,NA,NA,NA,NA,NA,NA,NA,NA,NA,NA,NA,NA,NA,NA,NA,NA,NA,NA,NA,NA,NA,NA,NA,NA,NA,NA,NA,NA,NA,NA,NA,NA,NA,NA,2011,NA,NA,NA,NA,NA,NA,NA,NA,NA,NA,NA,NA,NA,NA,NA,NA,NA,NA,NA,NA,NA,NA,NA,NA,NA,NA,NA,NA,NA,NA,NA,NA,NA,NA,NA,NA,NA,NA,NA
"81",2016,"Tempe",4,NA,3920,NA,4,11,1,12922,12,484613,-2,1,0,0,NA,3,0,17,NA,85282,0.046,0,NA,NA,NA,0,NA,NA,38,3,NA,NA,NA,NA,0,0,0,0,0,"North Central Association of Colleges and Schools The Higher Learning Commission",0,15,"University of Phoenix-Arizona",NA,NA,NA,NA,NA,NA,NA,NA,NA,NA,NA,NA,NA,NA,NA,NA,NA,NA,NA,NA,NA,NA,NA,NA,NA,NA,NA,NA,NA,NA,NA,NA,NA,NA,NA,NA,NA,NA,NA,NA,NA,NA,NA,NA,2011,NA,NA,NA,NA,NA,NA,NA,NA,NA,NA,NA,NA,NA,NA,NA,NA,NA,NA,NA,NA,NA,NA,NA,NA,NA,NA,NA,NA,NA,NA,NA,NA,NA,NA,NA,NA,NA,NA,NA
"82",5029,"Clarkdale",4,NA,NA,NA,1,-2,1,6755,41,484163,-2,0,0,0,NA,1,0,-2,NA,86324,NA,0,NA,NA,NA,0,NA,NA,1,3,NA,NA,NA,NA,0,0,0,0,0,NA,0,-2,"Arizona School of Integrative Studies",NA,NA,NA,NA,NA,NA,NA,NA,NA,NA,NA,NA,NA,NA,NA,NA,NA,NA,NA,NA,NA,NA,NA,NA,NA,NA,NA,NA,NA,NA,NA,NA,NA,NA,NA,NA,NA,NA,NA,NA,NA,NA,NA,NA,2011,NA,NA,NA,NA,NA,NA,NA,NA,NA,NA,NA,NA,NA,NA,NA,NA,NA,NA,NA,NA,NA,NA,NA,NA,NA,NA,NA,NA,NA,NA,NA,NA,NA,NA,NA,NA,NA,NA,NA
"83",4257,"Phoenix",4,463,6100,0.5205,3,6,0,20129,11,451972,-2,0,0,0,0,2,0,23,0.0605,85021,0.1282,0,26420,0.0151,0.041,0,0.1771,0.0022,142,3,0.6954,0.2505,0.1015,0.0086,0,0,1,0,0,"Accrediting Council for Independent Colleges and Schools",0,6,"ITT Technical Institute-Phoenix",NA,NA,0.5633,0.7359,NA,NA,NA,NA,NA,NA,NA,NA,NA,NA,NA,NA,NA,NA,NA,NA,NA,NA,NA,NA,NA,NA,NA,NA,NA,NA,NA,NA,NA,NA,NA,NA,NA,NA,NA,NA,NA,18048,18048,NA,2011,26185,0.6631,20374,0.1274693006,43537,20374,0.2363270822,0.8574,0.0179024293,0.2892585424,0.2467632141,0.837184664,0.0778830753,0.5399116884,0.2508759343,11500,29,6334,0.4600883116,0.85447811,0.4830771869,18347,0.0331103177,NA,NA,NA,NA,NA,NA,NA,NA,NA,NA,NA,NA,NA,NA,NA,NA
"84",9181,"Mesa",4,76,NA,0.4605,1,-2,0,14011,11,454476,-2,1,0,0,0,1,0,-2,0.0132,85202,NA,0,NA,0,0.2632,0,0.3947,0,85,3,0.6872,0.1711,0.0132,0.0789,0,0,0,0,0,"National Accrediting Commission of Cosmetology Arts and Sciences",0,-2,"Regency Beauty Institute-Mesa",NA,NA,NA,NA,NA,NA,NA,NA,NA,NA,NA,NA,NA,NA,NA,NA,NA,NA,NA,NA,NA,NA,NA,NA,NA,NA,NA,NA,NA,NA,NA,NA,NA,NA,NA,NA,NA,NA,NA,NA,24618,NA,NA,17525,2011,25302,0.2368,13235,0.0077943965,45993,13235,0.1574327646,0.7598,0.0460641809,0.9506354891,0.4447721368,0.902394495,0.1813777122,0.5287659574,0.3683730075,14144,25,8688,0.4712340426,0.886454603,0.4782978723,14251,0.0843339653,NA,NA,NA,NA,NA,NA,NA,NA,NA,NA,NA,NA,NA,NA,NA,NA
"85",4705,"Phoenix",4,779,NA,0.2221,1,-2,0,10253,11,469610,-2,1,0,0,0.0116,1,0,-2,0.0077,85053,NA,0,NA,0.0077,0.5918,0,0,0.0026,3,3,0.8651,0.0629,0.0924,0.0013,0,0,0,0,0,"Council on Occupational Education",0,-2,"Allen School-Phoenix",NA,NA,NA,NA,NA,NA,NA,NA,NA,NA,NA,NA,NA,NA,NA,NA,NA,NA,NA,NA,NA,NA,NA,NA,NA,NA,NA,NA,NA,NA,NA,NA,NA,NA,NA,NA,NA,NA,NA,NA,NA,NA,NA,11176,2011,19816,0.9101,19045,0.0101088647,23451,19045,0.27656817,0.983,0.022809746,0.9269051322,0.2107309487,0.872731986,0.0671332297,0.5725635593,0.1749611198,9500,32,8503.5,0.4274364407,0.918351477,0.501059322,13450,0.0365474339,NA,NA,NA,NA,NA,NA,NA,NA,NA,NA,NA,NA,NA,NA,NA,NA
"86",8550,"Sells",4,189,4646,0.0265,2,1,1,2056,43,442781,-2,1,0,0,0,1,0,33,0.8942,85634,0.3409,0,12091,0,0,0,0.7619,0,1,1,0.3575,0.0423,0.0159,0.0212,0,0,0,0,0,"North Central Association of Colleges and Schools The Higher Learning Commission",1,1,"Tohono O'Odham Community College",NA,NA,NA,NA,NA,NA,NA,NA,NA,NA,NA,NA,NA,NA,NA,NA,NA,NA,NA,NA,NA,NA,NA,NA,NA,NA,NA,NA,NA,NA,NA,NA,NA,NA,NA,NA,NA,NA,NA,NA,NA,1354,3706,NA,2011,15759,0.5966,10639,NA,25868,10639,0.0948275862,0,NA,0.5431034483,NA,NA,NA,0.4827586207,0.3362068966,NA,30,NA,0.5172413793,NA,NA,5106,NA,NA,NA,NA,NA,NA,NA,NA,NA,NA,NA,NA,NA,NA,NA,NA,NA
"87",5705,"Mesa",4,300,7196,0.3733,3,7,0,9830,11,447236,NA,0,0,0,0,1,0,23,0.0633,85206,NA,0,27371,0.0067,0.2333,0,0.1833,0.0067,2,3,0.7647,0.2433,0.0533,0.02,0,0,0,0,0,NA,0,6,"Everest College-Mesa",NA,NA,NA,NA,NA,NA,NA,NA,NA,NA,NA,NA,NA,NA,NA,NA,NA,NA,NA,NA,NA,NA,NA,NA,NA,NA,NA,NA,NA,NA,NA,NA,NA,NA,NA,NA,NA,NA,NA,NA,NA,12420,12420,NA,2011,16081,0.5833,12962,0.0226283725,31956,12962,0.2413693066,0.649,0.0293008413,0.729329852,0.3849724398,0.847403539,0.1473745286,0.6145468689,0.1642007543,9500,29,9500,0.3854531311,0.942558747,0.517697394,10180,0.0612126487,NA,NA,NA,NA,NA,NA,NA,NA,NA,NA,NA,NA,NA,NA,NA,NA
"88",5326,"Tucson",4,491,4142,0.2831,3,7,0,12871,11,444927,-2,1,0,0,0.0081,3,0,30,0.0122,85712,0.1628,0,33203,0.0061,0.3605,0,0.389,0.0041,33,3,0.6653,0.2749,0.0407,0.0102,0,0,0,0,0,"Accrediting Council for Independent Colleges and Schools",0,6,"The Art Institute of Tucson",NA,NA,0.566,0.5425,NA,NA,NA,NA,NA,NA,NA,NA,NA,NA,NA,NA,NA,NA,NA,NA,NA,NA,NA,NA,NA,NA,NA,NA,NA,NA,NA,NA,NA,NA,NA,NA,NA,NA,NA,NA,NA,17616,17616,NA,2011,23109,0.4521,16790,0.0345872748,41424,16790,0.2000439979,0.8528,0.0334628828,0.7184620273,0.6344015057,0.862750849,0.1974041211,0.5398677676,0.2565324729,13908,29,6334,0.4601322324,0.889369607,0.4855123244,15060,0.0729632617,NA,NA,NA,NA,NA,NA,NA,NA,NA,NA,NA,NA,NA,NA,NA,NA
"89",3333,"Tucson",4,165,NA,0.4364,1,-2,1,8285,41,439668,-2,1,0,0,0,1,0,-2,0.0061,85706,NA,0,NA,0.0242,0.0061,0,0,0,1,3,0.3398,0.4,0.1273,0,0,0,0,0,0,"Accrediting Commission of Career Schools and Colleges",0,-2,"HDS Truck Driving Institute",NA,NA,NA,NA,NA,NA,NA,NA,NA,NA,NA,NA,NA,NA,NA,NA,NA,NA,NA,NA,NA,NA,NA,NA,NA,NA,NA,NA,NA,NA,NA,NA,NA,NA,NA,NA,NA,NA,NA,NA,10861,NA,NA,7155,2011,22150,0.903,NA,NA,NA,NA,0.45,0.3786,NA,0.1071428571,NA,0.921428571,NA,0.688172043,NA,NA,38,6083,0.311827957,0.871428571,0.5591397849,17507,NA,NA,NA,NA,NA,NA,NA,NA,NA,NA,NA,NA,NA,NA,NA,NA,NA
"90",6356,"Chandler",4,195,NA,0.5026,1,-2,0,8320,21,104443,-2,1,0,0,0,1,0,-2,0.041,85224,NA,0,NA,0.0051,0.0051,0,0.2359,0.0051,14,3,0.7423,0.2769,0.1333,0.0308,0,0,0,0,0,"National Accrediting Commission of Cosmetology Arts and Sciences",0,-2,"Empire Beauty School-Chandler",NA,NA,NA,NA,NA,NA,NA,NA,NA,NA,NA,NA,NA,NA,NA,NA,NA,NA,NA,NA,NA,NA,NA,NA,NA,NA,NA,NA,NA,NA,NA,NA,NA,NA,NA,NA,NA,NA,NA,NA,16374,NA,NA,16000,2011,28624,0.3641,20245,NA,42365,20245,0.2036659878,0.7766,0.0305498982,0.9368635438,0.3686354379,0.922606925,0.1262729124,0.5222772277,0.3788187373,15491,25,10556,0.4777227723,0.881873727,0.4628712871,16636,0.0590631365,NA,NA,NA,NA,NA,NA,NA,NA,NA,NA,NA,NA,NA,NA,NA,NA
"91",3770,"Mesa",4,254,NA,0.5984,1,-2,1,7516,11,104568,-2,1,0,0,0,1,0,-2,0.0669,85210,NA,0,NA,0.0157,0.0079,0,0.3622,0,3,3,0.8128,0.2402,0.0709,0,0,0,0,0,0,"National Accrediting Commission of Cosmetology Arts and Sciences",0,-2,"Avalon School of Cosmetology-Mesa",NA,NA,NA,NA,NA,NA,NA,NA,NA,NA,NA,NA,NA,NA,NA,NA,NA,NA,NA,NA,NA,NA,NA,NA,NA,NA,NA,NA,NA,NA,NA,NA,NA,NA,NA,NA,NA,NA,NA,NA,14388,NA,NA,15250,2011,32297,0.3268,17186,0.0093457944,52959,17186,0.191588785,0.9599,0.0299065421,0.9308411215,0.3317757009,0.909345794,0.1205607477,0.5022624434,0.4224299065,10555,24,8027.5,0.4977375566,0.842056075,0.4457013575,19921,0.0570093458,NA,NA,NA,NA,NA,NA,NA,NA,NA,NA,NA,NA,NA,NA,NA,NA
"92",4684,"Glendale",4,16120,9014,0.4909,2,1,1,1489,21,104708,-2,1,0,0,0.0068,1,0,2,0.0191,85302,0.9965,0,12007,0.0373,0.0533,0,0.6017,0.0022,1,1,0.3357,0.2947,0.0781,0.0177,0,0,0,0,0,"North Central Association of Colleges and Schools The Higher Learning Commission",0,5,"Glendale Community College",NA,NA,NA,NA,NA,NA,NA,NA,NA,NA,NA,NA,NA,NA,NA,NA,NA,NA,NA,NA,NA,NA,NA,NA,NA,NA,NA,NA,NA,NA,NA,NA,NA,NA,NA,NA,NA,NA,NA,NA,NA,1854,7638,NA,2011,26438,0.3431,18189,0.0196924525,35715,18189,0.1642868351,0.1616,0.0691197238,0.556723678,0.4610858308,0.474894084,0.2179507296,0.5394816154,0.4706574612,NA,26,3500,0.4605183846,0.9089126,0.4466546112,20172,0.1205083948,NA,NA,NA,NA,NA,NA,NA,NA,NA,NA,NA,NA,NA,NA,NA,NA
"93",3873,"Flagstaff",4,284,5438,0.2148,3,10,1,17541,13,103945,-2,1,0,0,0,2,1,26,0.6937,86001,0.5455,0,25339,0.0035,0.0035,1,0,0.0035,3,2,0.896,0.0704,0.0035,0.007,0,0,0,0,0,"Accrediting Commission of Career Schools and Colleges",0,6,"CollegeAmerica-Flagstaff",NA,NA,NA,NA,NA,NA,NA,NA,NA,NA,NA,NA,NA,NA,NA,NA,NA,NA,NA,NA,NA,NA,NA,NA,NA,NA,NA,NA,NA,NA,NA,NA,NA,NA,NA,NA,NA,NA,NA,NA,NA,15790,15790,NA,2011,17306,0.5634,14079,0.0570469799,28219,14079,0.244966443,0.9541,0.0234899329,0.7572706935,0.3489932886,0.937360179,0.129753915,0.559347181,0.2281879195,23871,28,14750,0.440652819,0.954138703,0.4480712166,11671,0.0570469799,NA,NA,NA,NA,NA,NA,NA,NA,NA,NA,NA,NA,NA,NA,NA,NA
"94",2963,"Tucson",4,254,4652,0.563,4,6,1,19099,11,104188,-2,1,0,0,0,3,0,30,0.0276,85716,0.875,0,46183,0.0118,0,0,0.4528,0.0039,2,3,0.2452,0.3425,0.0433,0.0079,0,0,0,0,0,"North Central Association of Colleges and Schools The Higher Learning Commission",0,6,"Southwest University of Visual Arts-Tucson",NA,NA,NA,NA,NA,NA,NA,NA,NA,NA,NA,NA,NA,NA,NA,NA,NA,NA,NA,NA,NA,NA,NA,NA,NA,NA,NA,NA,NA,NA,NA,NA,NA,NA,NA,NA,NA,NA,NA,NA,NA,27665,27665,NA,2011,31233,0.6172,18549,0.0571428571,51433,18549,0.1285714286,0.8084,NA,0.5214285714,0.3714285714,0.914285714,0.1071428571,0.40562249,0.3857142857,46000,26,21831,0.59437751,0.817857143,0.3614457831,19718,NA,NA,NA,NA,NA,NA,NA,NA,NA,NA,NA,NA,NA,NA,NA,NA,NA
"95",3613,"Kingman",4,5515,5437,0.7567,2,1,1,1568,41,105206,-2,1,0,0,0,1,0,6,0.0156,86409,0.2326,0,24458,0.0167,0.0141,0,0.7052,0.0063,1,1,0.4961,0.1621,0.0143,0.0141,0,0,0,0,0,"North Central Association of Colleges and Schools The Higher Learning Commission",0,3,"Mohave Community College",NA,NA,NA,NA,NA,NA,NA,NA,NA,NA,NA,NA,NA,NA,NA,NA,NA,NA,NA,NA,NA,NA,NA,NA,NA,NA,NA,NA,NA,NA,NA,NA,NA,NA,NA,NA,NA,NA,NA,NA,NA,1968,7296,NA,2011,20415,0.5191,16437,0.010719323,29435,16437,0.2462623413,0.2579,0.0228490832,0.6234132581,0.1915373766,0.395204513,0.0761636107,0.5739339752,0.3060648801,12000,29,7375,0.4260660248,0.96135402,0.5127235213,14863,0.0383638928,NA,NA,NA,NA,NA,NA,NA,NA,NA,NA,NA,NA,NA,NA,NA,NA
"96",5770,"Tucson",4,78,NA,0.1923,1,-2,1,7879,11,262235,-2,0,0,0,0,1,0,-2,0.0256,85705,NA,0,NA,0.0128,0.0128,0,0,0,1,3,0.6441,0.6795,0.0385,0.0385,0,0,0,0,0,NA,0,-2,"Arizona Academy of Beauty-North",NA,NA,NA,NA,NA,NA,NA,NA,NA,NA,NA,NA,NA,NA,NA,NA,NA,NA,NA,NA,NA,NA,NA,NA,NA,NA,NA,NA,NA,NA,NA,NA,NA,NA,NA,NA,NA,NA,NA,NA,NA,NA,NA,14060,2011,14843,0.5897,11480,NA,28632,11480,0.2352941176,0.4407,NA,NA,NA,0.882352941,NA,0.5301204819,0.1960784314,5500,28,4783,0.4698795181,NA,0.3614457831,11487,NA,NA,NA,NA,NA,NA,NA,NA,NA,NA,NA,NA,NA,NA,NA,NA,NA
"97",4025,"Flagstaff",4,3208,6786,0.5973,2,1,1,2788,41,404426,-2,1,0,0,3e-04,2,0,3,0.2441,86005,0.1902,0,14521,0.009,0.0393,1,0.6409,0.0047,1,1,0.2726,0.0558,0.0137,0.0358,0,0,0,0,0,"North Central Association of Colleges and Schools The Higher Learning Commission",0,2,"Coconino Community College",NA,NA,NA,NA,NA,NA,NA,NA,NA,NA,NA,NA,NA,NA,NA,NA,NA,NA,NA,NA,NA,NA,NA,NA,NA,NA,NA,NA,NA,NA,NA,NA,NA,NA,NA,NA,NA,NA,NA,NA,NA,2640,2640,NA,2011,28160,0.3618,18118,0.0318225651,40228,18118,0.1595949855,0.2187,0.0617164899,0.5646094503,0.4879459981,0.505303761,0.1962391514,0.4562289562,0.4541947927,12278.5,26,4500,0.5437710438,0.870781099,0.4152637486,19577,0.1007714561,NA,NA,NA,NA,NA,NA,NA,NA,NA,NA,NA,NA,NA,NA,NA,NA
"98",6080,"Safford",4,85,NA,0.6353,1,-2,1,3587,41,105701,-2,1,0,0,0,1,0,-2,0.0235,85546,NA,0,NA,0,0,0,0,0,1,3,0.3362,0.3412,0,0,0,0,0,0,0,"National Accrediting Commission of Cosmetology Arts and Sciences",0,-2,"Hair Academy of Safford",NA,NA,NA,NA,NA,NA,NA,NA,NA,NA,NA,NA,NA,NA,NA,NA,NA,NA,NA,NA,NA,NA,NA,NA,NA,NA,NA,NA,NA,NA,NA,NA,NA,NA,NA,NA,NA,NA,NA,NA,7099,NA,NA,9450,2011,11467,0.2471,8892,NA,23826,8892,0.275862069,0.0862,NA,NA,NA,0.551724138,NA,NA,0.1724137931,7500,26,7500,NA,NA,NA,5369,NA,NA,NA,NA,NA,NA,NA,NA,NA,NA,NA,NA,NA,NA,NA,NA,NA
"99",3164,"Chandler",4,59,2575,0.7458,4,11,1,6862,21,436614,54,1,0,0,0.0339,3,0,24,0.0678,85286,NA,0,24643,0,0.0169,0,0.2034,0,1,2,0.4868,0.1356,0,0,0,0,0,0,0,"Transnational Association of Christian Colleges and Schools",0,8,"International Baptist College and Seminary",NA,NA,NA,NA,NA,NA,NA,NA,NA,NA,NA,NA,NA,NA,NA,NA,NA,NA,NA,NA,NA,NA,NA,NA,NA,NA,NA,NA,NA,NA,NA,NA,NA,NA,NA,NA,NA,NA,NA,NA,NA,11566,11566,NA,2011,55601,0.1385,NA,NA,NA,NA,NA,0.3026,NA,0.46875,NA,NA,NA,NA,NA,NA,20,5500,NA,0.6875,NA,46400,NA,NA,NA,NA,NA,NA,NA,NA,NA,NA,NA,NA,NA,NA,NA,NA,NA
"100",4874,"Phoenix",4,178,6763,0.3708,4,5,0,13688,11,436094,-2,1,0,0,0.0056,3,0,26,0.0169,85021,0.2615,0,25924,0.0506,0.0674,0,0.5449,0.0056,28,3,0.5694,0.0955,0.3708,0.0169,0,0,0,0,0,"Western Association of Schools and Colleges Senior Colleges and University Commission",0,6,"Argosy University-Phoenix",NA,NA,NA,0.4876,NA,NA,NA,NA,NA,NA,NA,NA,NA,NA,NA,NA,NA,NA,NA,NA,NA,NA,NA,NA,NA,NA,NA,NA,NA,NA,NA,NA,NA,NA,NA,NA,NA,NA,NA,NA,NA,12612,12612,NA,2011,22322,0.764,17353,0.0428988063,43136,17353,0.2314500814,0.7917,0.0504272925,0.6906199132,0.5153621812,0.842546121,0.1996744438,0.527886031,0.1927563755,18500,32,6355,0.472113969,0.873813077,0.4568286135,14220,0.0925461205,NA,NA,NA,NA,NA,NA,NA,NA,NA,NA,NA,NA,NA,NA,NA,NA
"101",3761,"Chandler",4,188,4268,0.7766,2,4,0,15320,21,430166,-2,1,0,0,0.0213,2,0,13,0.0106,85225,NA,0,26756,0.0213,0.0585,0,0.0957,0,33,3,0.4015,0.0532,0.0372,0.0213,0,0,0,0,0,"Accrediting Council for Independent Colleges and Schools",0,1,"Golf Academy of America-Phoenix",NA,NA,NA,0.7411,NA,NA,NA,NA,NA,NA,NA,NA,NA,NA,NA,NA,NA,NA,NA,NA,NA,NA,NA,NA,NA,NA,NA,NA,NA,NA,NA,NA,NA,NA,NA,NA,NA,NA,NA,NA,NA,16664,16664,NA,2011,19437,0.617,16109,0.0205609525,33819,16109,0.212073625,0.5401,0.0394054488,0.8008910963,0.4166971003,0.938499744,0.1581696005,0.5420880085,0.1879336791,17479,29,9500,0.4579119915,0.928347089,0.4933739668,13491,0.0741362939,NA,NA,NA,NA,NA,NA,NA,NA,NA,NA,NA,NA,NA,NA,NA,NA
"102",5843,"Avondale",4,285,NA,0.3088,1,-2,0,8294,22,447148,-2,1,0,0,0,1,0,-2,0.0281,85323,NA,0,NA,0.014,0.0842,0,0.3018,0.0035,12,3,0.734,0.4421,0.1123,0.007,0,0,0,0,0,"National Accrediting Commission of Cosmetology Arts and Sciences",0,-2,"Empire Beauty School-Avondale",NA,NA,NA,NA,NA,NA,NA,NA,NA,NA,NA,NA,NA,NA,NA,NA,NA,NA,NA,NA,NA,NA,NA,NA,NA,NA,NA,NA,NA,NA,NA,NA,NA,NA,NA,NA,NA,NA,NA,NA,16485,NA,NA,16000,2011,29258,0.3228,19675,NA,41909,19675,0.2176724138,0.7298,0.0387931034,0.9612068966,0.3642241379,0.922413793,0.1594827586,0.6033057851,0.4310344828,13292.5,24,10556,0.3966942149,0.894396552,0.4986225895,21230,0.0754310345,NA,NA,NA,NA,NA,NA,NA,NA,NA,NA,NA,NA,NA,NA,NA,NA
"103",2913,"Phoenix",4,NA,3325,NA,4,0,1,9037,11,447698,-2,1,0,0,NA,4,0,26,NA,85012,0.087,0,NA,NA,NA,0,NA,NA,1,3,NA,NA,NA,NA,0,0,0,0,0,"Accrediting Commission for Acupuncture and Oriental Medicine",0,18,"Phoenix Institute of Herbal Medicine & Acupuncture",NA,NA,NA,NA,NA,NA,NA,NA,NA,NA,NA,NA,NA,NA,NA,NA,NA,NA,NA,NA,NA,NA,NA,NA,NA,NA,NA,NA,NA,NA,NA,NA,NA,NA,NA,NA,NA,NA,NA,NA,NA,NA,NA,NA,2011,34579,NA,NA,NA,NA,NA,NA,NA,NA,NA,NA,NA,NA,NA,NA,NA,32,NA,NA,NA,NA,20473,NA,NA,NA,NA,NA,NA,NA,NA,NA,NA,NA,NA,NA,NA,NA,NA,NA
"104",13269,"Phoenix",4,NA,5924,NA,4,0,1,9120,11,381459,42,1,0,0,NA,4,0,24,NA,85018,0.6,0,NA,NA,NA,0,NA,NA,1,2,NA,NA,NA,NA,0,0,0,0,0,"North Central Association of Colleges and Schools The Higher Learning Commission",0,18,"Phoenix Seminary",NA,NA,NA,NA,NA,NA,NA,NA,NA,NA,NA,NA,NA,NA,NA,NA,NA,NA,NA,NA,NA,NA,NA,NA,NA,NA,NA,NA,NA,NA,NA,NA,NA,NA,NA,NA,NA,NA,NA,NA,NA,NA,NA,NA,2011,NA,NA,NA,NA,NA,NA,NA,NA,NA,NA,NA,NA,NA,NA,NA,NA,NA,NA,NA,NA,NA,NA,NA,NA,NA,NA,NA,NA,NA,NA,NA,NA,NA,NA,NA,NA,NA,NA,NA
"105",6662,"Scottsdale",4,175,NA,0.6057,1,-2,1,15579,12,450951,-2,1,0,0,0.0171,1,0,-2,0.04,85259,NA,0,NA,0.0057,0.0286,0,0,0,1,3,0.3831,0.28,0.0114,0.0114,0,0,0,0,0,"Accrediting Commission of Career Schools and Colleges",0,-2,"Arizona Culinary Institute",NA,NA,NA,NA,NA,NA,NA,NA,NA,NA,NA,NA,NA,NA,NA,NA,NA,NA,NA,NA,NA,NA,NA,NA,NA,NA,NA,NA,NA,NA,NA,NA,NA,NA,NA,NA,NA,NA,NA,NA,40765,NA,NA,25990,2011,52204,0.4,36352,NA,70483,36352,0.1882845188,0.5282,NA,0.4644351464,0.2092050209,0.90376569,0.10041841,0.4306220096,0.4644351464,9500,27,9500,0.5693779904,0.644351464,NA,30226,NA,NA,NA,NA,NA,NA,NA,NA,NA,NA,NA,NA,NA,NA,NA,NA,NA
"106",9648,"Phoenix",4,NA,8671,NA,4,13,0,12430,11,448886,-2,1,0,0,NA,3,0,17,NA,85004,0.7627,0,NA,NA,NA,0,NA,NA,5,1,NA,NA,NA,NA,0,0,0,0,1,"North Central Association of Colleges and Schools The Higher Learning Commission",0,15,"Arizona State University-Downtown Phoenix",NA,NA,NA,NA,NA,NA,NA,NA,NA,NA,NA,NA,NA,NA,NA,NA,NA,NA,NA,NA,NA,NA,NA,NA,NA,NA,NA,NA,NA,NA,NA,NA,NA,NA,NA,NA,NA,NA,NA,NA,NA,NA,NA,NA,2011,NA,NA,NA,NA,NA,NA,NA,NA,NA,NA,NA,NA,NA,NA,NA,NA,NA,NA,NA,NA,NA,NA,NA,NA,NA,NA,NA,NA,NA,NA,NA,NA,NA,NA,NA,NA,NA,NA,NA
"107",16892,"Tempe",4,NA,NA,NA,2,3,1,43931,12,475839,-2,1,1,0,NA,2,0,12,NA,85281,0,0,NA,NA,NA,0,NA,NA,1,3,NA,NA,NA,NA,0,0,0,0,0,"Distance Education Accrediting Commission",0,1,"Sessions College for Professional Design",NA,NA,NA,NA,NA,NA,NA,NA,NA,NA,NA,NA,NA,NA,NA,NA,NA,NA,NA,NA,NA,NA,NA,NA,NA,NA,NA,NA,NA,NA,NA,NA,NA,NA,NA,NA,NA,NA,NA,NA,NA,NA,NA,NA,2011,NA,NA,NA,NA,NA,NA,NA,NA,NA,NA,NA,NA,NA,NA,NA,NA,NA,NA,NA,NA,NA,NA,NA,NA,NA,NA,NA,NA,NA,NA,NA,NA,NA,NA,NA,NA,NA,NA,NA
"108",NA,"Peoria",4,NA,6438,NA,0,-2,0,NA,21,485078,-2,1,0,0,NA,3,0,-2,NA,85381,NA,0,NA,NA,NA,0,NA,NA,3,2,NA,NA,NA,NA,0,0,0,0,0,"North Central Association of Colleges and Schools The Higher Learning Commission",0,-2,"Trine University-Arizona Regional Campus",NA,NA,NA,NA,NA,NA,NA,NA,NA,NA,NA,NA,NA,NA,NA,NA,NA,NA,NA,NA,NA,NA,NA,NA,NA,NA,NA,NA,NA,NA,NA,NA,NA,NA,NA,NA,NA,NA,NA,NA,NA,NA,NA,NA,2011,NA,NA,NA,NA,NA,NA,NA,NA,NA,NA,NA,NA,NA,NA,NA,NA,NA,NA,NA,NA,NA,NA,NA,NA,NA,NA,NA,NA,NA,NA,NA,NA,NA,NA,NA,NA,NA,NA,NA
"109",1627,"Phoenix",4,829,7595,0.0965,3,11,1,7872,11,461023,-2,1,1,0,0.0036,2,0,32,0.0024,85014,0.1607,0,16558,0.0048,0.8649,0,0.0253,0.0036,1,3,0.6295,0.0133,0.0048,0.006,0,0,0,0,0,"Distance Education Accrediting Commission",0,9,"National Paralegal College",NA,NA,NA,NA,NA,NA,NA,NA,NA,NA,NA,NA,NA,NA,NA,NA,NA,NA,NA,NA,NA,NA,NA,NA,NA,NA,NA,NA,NA,NA,NA,NA,NA,NA,NA,NA,NA,NA,NA,NA,NA,5691,5691,NA,2011,25956,0.8554,24746,0.059536935,49673,24746,0.3726571114,0.673,0.0915104741,0.8875413451,0.5435501654,0.850055127,0.2690187431,0.487012987,0.0485115766,13075,34,4750,0.512987013,0.850055127,0.4363636364,18642,0.1378169791,NA,NA,NA,NA,NA,NA,NA,NA,NA,NA,NA,NA,NA,NA,NA,NA
"110",4190,"Tucson",4,31,NA,0.7419,1,-2,1,16304,11,461713,-2,1,0,0,0,1,0,-2,0,85716,NA,0,NA,0,0.0323,0,0.3871,0,1,3,0.1579,0.0968,0.0323,0.0968,0,0,0,0,0,"Accrediting Council for Continuing Education & Training",0,-2,"Pure Aesthetics",NA,NA,NA,NA,NA,NA,NA,NA,NA,NA,NA,NA,NA,NA,NA,NA,NA,NA,NA,NA,NA,NA,NA,NA,NA,NA,NA,NA,NA,NA,NA,NA,NA,NA,NA,NA,NA,NA,NA,NA,9869,NA,NA,11050,2011,33049,0.5806,29473,NA,44490,29473,0.2619047619,0.2368,NA,NA,NA,NA,NA,NA,0.2380952381,NA,29,6333,NA,0.761904762,NA,22541,NA,NA,NA,NA,NA,NA,NA,NA,NA,NA,NA,NA,NA,NA,NA,NA,NA
"111",1835,"Phoenix",4,507,NA,0.4753,1,-2,0,7360,11,469142,-2,1,0,0,0,1,0,-2,0.0197,85051,NA,0,NA,0.0079,0.1499,0,0.4872,0,9,3,0.7095,0.2643,0.0533,0.0296,0,0,0,0,0,"Accrediting Council for Continuing Education & Training",0,-2,"Utah College of Massage Therapy-Phoenix",NA,NA,NA,NA,NA,NA,NA,NA,NA,NA,NA,NA,NA,NA,NA,NA,NA,NA,NA,NA,NA,NA,NA,NA,NA,NA,NA,NA,NA,NA,NA,NA,NA,NA,NA,NA,NA,NA,NA,NA,15428,NA,NA,11765,2011,32368,0.5069,21562,0.021691974,49947,21562,0.1919739696,0.8894,0.021691974,0.747505423,0.2069414317,0.934056399,0.0761388286,0.4845637584,0.3806941432,8607,27,7999.5,0.5154362416,0.790021692,0.4190604027,21164,0.0334056399,NA,NA,NA,NA,NA,NA,NA,NA,NA,NA,NA,NA,NA,NA,NA,NA
"112",2044,"Mesa",4,360,NA,0.5833,1,-2,1,4131,11,441210,-2,1,0,0,0,1,0,-2,0.0028,85201,NA,0,NA,0.1028,0,0,0.4083,0,1,1,0.1601,0.2583,0.0528,0,0,0,0,0,0,NA,0,-2,"East Valley Institute of Technology",NA,NA,NA,NA,NA,NA,NA,NA,NA,NA,NA,NA,NA,NA,NA,NA,NA,NA,NA,NA,NA,NA,NA,NA,NA,NA,NA,NA,NA,NA,NA,NA,NA,NA,NA,NA,NA,NA,NA,NA,10223,NA,NA,10800,2011,20934,0.3083,15120,NA,27287,15120,0.2068965517,0,NA,0.7684729064,0.3251231527,NA,0.1527093596,0.5917159763,0.4778325123,NA,27,NA,0.4082840237,NA,0.5029585799,16893,NA,NA,NA,NA,NA,NA,NA,NA,NA,NA,NA,NA,NA,NA,NA,NA,NA
"113",14781,"Prescott",4,1655,8536,0.6574,4,14,0,26607,41,104586,-2,1,0,0,0.0405,3,0,22,0.0109,86301,0.7333,0,43624,0.0538,0.0707,0,0.055,0.0042,2,2,0.3145,0.1094,0.0175,0.0356,0,0,0,0,0,"Southern Association of Colleges and Schools Commission on Colleges",0,10,"Embry-Riddle Aeronautical University-Prescott",NA,NA,0.8234,0.8166,498,600,518,630,NA,NA,549,574,NA,23,28,21,28,24,28,NA,NA,26,25,26,NA,1142,1118,NA,NA,NA,NA,NA,NA,NA,NA,NA,NA,NA,NA,NA,NA,29552,29552,NA,2011,60199,0.134,36020,0.0476698684,90458,36020,0.3228388474,0.6011,0.083244397,0.1483457844,0.3874066169,0.764140875,0.2141586624,0.3658063264,0.44414799,22969,25,7875,0.6341936736,0.672002846,0.3380555016,41368,0.1309142654,NA,NA,NA,NA,NA,NA,NA,NA,NA,NA,NA,NA,NA,NA,NA,NA
"114",15126,"Phoenix",4,892,NA,0.3834,3,6,0,33714,11,103723,-2,0,0,0,0,3,0,30,0.0594,85040,NA,0,29875,0.0135,0.2321,0,0.2623,0.0045,4,3,0.7191,0.1704,0.0942,0.0426,0,0,0,0,0,"Accrediting Council for Independent Colleges and Schools",0,6,"Collins College",NA,NA,NA,NA,NA,NA,NA,NA,NA,NA,NA,NA,NA,NA,NA,NA,NA,NA,NA,NA,NA,NA,NA,NA,NA,NA,NA,NA,NA,NA,NA,NA,NA,NA,NA,NA,NA,NA,NA,NA,NA,12650,12650,NA,2011,27239,0.4036,14326,0.0155084999,40518,14326,0.0978228452,0.9339,0.0635252013,0.4315538324,0.3748881599,0.932299433,0.1714882195,0.4549745824,0.492991351,30500,25,12765,0.5450254176,0.863107665,0.4135802469,16394,0.0987175664,NA,NA,NA,NA,NA,NA,NA,NA,NA,NA,NA,NA,NA,NA,NA,NA
"115",55110,"Glendale",4,2,13694,1,4,0,1,71514,21,103778,-2,0,0,0,0,1,0,29,0,85306,0.3607,0,NA,0,0,0,1,0,1,2,0,0,0,0,0,0,0,0,0,NA,0,6,"Thunderbird School of Global Management",NA,NA,NA,NA,NA,NA,NA,NA,NA,NA,NA,NA,NA,NA,NA,NA,NA,NA,NA,NA,NA,NA,NA,NA,NA,NA,NA,NA,NA,NA,NA,NA,NA,NA,NA,NA,NA,NA,NA,NA,NA,NA,NA,NA,2011,NA,0.5,NA,NA,NA,NA,NA,0,NA,NA,NA,NA,NA,NA,NA,NA,NA,NA,NA,NA,NA,NA,NA,NA,NA,NA,NA,NA,NA,NA,NA,NA,NA,NA,NA,NA,NA,NA,NA
"116",7086,"Glendale",4,1321,NA,0.3293,1,-2,1,17356,21,103963,-2,0,0,0,0,1,0,-2,0.1219,85301,NA,0,NA,0.0053,0.0454,0,0,8e-04,1,3,0.8122,0.3679,0.1249,0.0045,0,0,0,0,0,NA,0,-2,"Arizona Automotive Institute",NA,NA,NA,NA,NA,NA,NA,NA,NA,NA,NA,NA,NA,NA,NA,NA,NA,NA,NA,NA,NA,NA,NA,NA,NA,NA,NA,NA,NA,NA,NA,NA,NA,NA,NA,NA,NA,NA,NA,NA,28517,NA,NA,23900,2011,16962,0.6336,11570,0.0629441624,30641,11570,0.1685279188,0.7389,0.0050761421,0.0649746193,0.1751269036,0.896446701,0.047715736,0.5921340131,0.2827411168,14167,28,12969,0.4078659869,0.939086294,0.4952658412,10359,0.0203045685,NA,NA,NA,NA,NA,NA,NA,NA,NA,NA,NA,NA,NA,NA,NA,NA
"117",1491,"Phoenix",4,782,3374,0.4783,2,4,1,10449,11,105659,-2,1,0,0,0.0013,1,0,11,0.0754,85034,0.7692,0,NA,0.0102,0.0409,0,0,0.0026,1,3,0.623,0.2967,0.0691,0.0256,0,0,0,0,0,"Accrediting Commission of Career Schools and Colleges",0,2,"Refrigeration School Inc",NA,NA,NA,NA,NA,NA,NA,NA,NA,NA,NA,NA,NA,NA,NA,NA,NA,NA,NA,NA,NA,NA,NA,NA,NA,NA,NA,NA,NA,NA,NA,NA,NA,NA,NA,NA,NA,NA,NA,NA,26629,NA,NA,27125,2011,27153,0.7417,22947,0.043442623,45956,22947,0.2885245902,0.7688,0.0172131148,0.0155737705,0.1680327869,0.866393443,0.05,0.5579710145,0.1827868852,11660,31,10107,0.4420289855,0.85,0.4741200828,19904,0.0254098361,NA,NA,NA,NA,NA,NA,NA,NA,NA,NA,NA,NA,NA,NA,NA,NA
"118",1830,"Lake Havasu City",4,82,NA,0.7439,1,-2,1,8454,13,104391,-2,1,0,0,0.0122,1,0,-2,0,86403,NA,0,NA,0.0122,0.0122,0,0,0.0244,1,3,0.8525,0.1585,0.0244,0.0122,0,0,0,0,0,"National Accrediting Commission of Cosmetology Arts and Sciences",0,-2,"Charles of Italy Beauty College",NA,NA,NA,NA,NA,NA,NA,NA,NA,NA,NA,NA,NA,NA,NA,NA,NA,NA,NA,NA,NA,NA,NA,NA,NA,NA,NA,NA,NA,NA,NA,NA,NA,NA,NA,NA,NA,NA,NA,NA,11339,NA,NA,10000,2011,49277,0.5244,32094,NA,78518,32094,0.2402597403,0.9344,NA,0.9025974026,NA,0.896103896,NA,0.5254237288,0.3701298701,5500,28,4278,0.4745762712,0.915584416,NA,16597,NA,NA,NA,NA,NA,NA,NA,NA,NA,NA,NA,NA,NA,NA,NA,NA,NA
"119",6303,"Holbrook",4,1814,6020,0.4785,2,1,1,1245,41,105349,-2,1,0,0,0,1,0,9,0.3826,86025,1,0,11304,0.0055,0.0601,1,0.7321,0.0011,1,1,0.3223,0.0551,0.0088,0.0083,0,0,0,0,0,"North Central Association of Colleges and Schools The Higher Learning Commission",0,2,"Northland Pioneer College",NA,NA,NA,NA,NA,NA,NA,NA,NA,NA,NA,NA,NA,NA,NA,NA,NA,NA,NA,NA,NA,NA,NA,NA,NA,NA,NA,NA,NA,NA,NA,NA,NA,NA,NA,NA,NA,NA,NA,NA,NA,1526,7090,NA,2011,18887,0.386,15725,0.0193050193,25760,15725,0.267953668,0,0.0525096525,0.6818532819,0.305019305,NA,0.1397683398,0.5242248062,0.3150579151,NA,28,NA,0.4757751938,NA,0.4718992248,15730,0.077992278,NA,NA,NA,NA,NA,NA,NA,NA,NA,NA,NA,NA,NA,NA,NA,NA
"120",20904,"Glendale",4,NA,11643,NA,4,0,0,44185,21,423643,-2,1,0,0,NA,4,0,25,NA,85308,0.8691,0,NA,NA,NA,0,NA,NA,2,2,NA,NA,NA,NA,0,0,0,0,0,"North Central Association of Colleges and Schools The Higher Learning Commission",0,18,"Midwestern University-Glendale",NA,NA,NA,NA,NA,NA,NA,NA,NA,NA,NA,NA,NA,NA,NA,NA,NA,NA,NA,NA,NA,NA,NA,NA,NA,NA,NA,NA,NA,NA,NA,NA,NA,NA,NA,NA,NA,NA,NA,NA,NA,NA,NA,NA,2011,27458,NA,NA,NA,NA,NA,NA,NA,NA,NA,NA,NA,NA,NA,NA,NA,30,NA,NA,NA,NA,15176,NA,NA,NA,NA,NA,NA,NA,NA,NA,NA,NA,NA,NA,NA,NA,NA,NA
"121",3582,"Phoenix",4,785,3929,0.3096,3,4,1,13638,11,103893,-2,1,0,0,0,1,0,10,0.079,85051,0.5,0,NA,0.0089,0.0127,0,0,0,6,3,0.4829,0.5083,0.0573,0.0242,0,0,0,0,0,"Western Association of Schools and Colleges Accrediting Commission for Community and Junior Colleges",0,2,"Carrington College-Phoenix",NA,NA,1,1,NA,NA,NA,NA,NA,NA,NA,NA,NA,NA,NA,NA,NA,NA,NA,NA,NA,NA,NA,NA,NA,NA,NA,NA,NA,NA,NA,NA,NA,NA,NA,NA,NA,NA,NA,NA,23682,NA,NA,14200,2011,25740,0.3287,19675,0.0173897126,39290,19675,0.2077613033,0.4587,0.0285557386,0.7763133809,0.3082555373,0.896943072,0.108365367,0.5547073791,0.3091707853,9500,27,9500,0.4452926209,0.886509244,0.4563960213,16924,0.0508877906,NA,NA,NA,NA,NA,NA,NA,NA,NA,NA,NA,NA,NA,NA,NA,NA
"122",2713,"Tucson",4,1617,6249,0.4391,3,10,1,6165,11,105534,-2,1,0,0,0,1,0,26,0.0087,85716,0.268,0,NA,0.0278,0.0334,0,0,0.0012,11,3,0.4795,0.4001,0.0625,0.0272,0,0,0,0,0,"Accrediting Bureau of Health Education Schools",0,9,"Pima Medical Institute-Tucson",NA,NA,NA,NA,NA,NA,NA,NA,NA,NA,NA,NA,NA,NA,NA,NA,NA,NA,NA,NA,NA,NA,NA,NA,NA,NA,NA,NA,NA,NA,NA,NA,NA,NA,NA,NA,NA,NA,NA,NA,18522,NA,NA,10550,2011,30995,0.6289,23515,0.0162740025,46389,23515,0.2405692496,0.5887,0.0291434019,0.8160152526,0.318738935,0.910458941,0.1201143947,0.5061587405,0.3269780744,8323,27,7500,0.4938412595,0.798311317,0.4364140631,20777,0.0542012801,NA,NA,NA,NA,NA,NA,NA,NA,NA,NA,NA,NA,NA,NA,NA,NA
"123",5705,"Tempe",4,239,NA,0.3389,1,-2,1,9428,12,104911,-2,0,0,0,0,1,0,-2,0.0251,85282,NA,0,NA,0.0042,0.1423,0,0,0,1,3,0.6971,0.364,0.1004,0.0251,0,0,0,0,0,NA,0,-2,"International Academy of Hair Design",NA,NA,NA,NA,NA,NA,NA,NA,NA,NA,NA,NA,NA,NA,NA,NA,NA,NA,NA,NA,NA,NA,NA,NA,NA,NA,NA,NA,NA,NA,NA,NA,NA,NA,NA,NA,NA,NA,NA,NA,16143,NA,NA,17995,2011,25201,0.3347,17675,NA,41005,17675,0.1889400922,0.7483,0.0368663594,0.9377880184,0.3986175115,0.868663595,0.16359447,0.5042016807,0.3225806452,8167,26,6527.5,0.4957983193,0.889400922,0.3865546218,16740,0.0668202765,NA,NA,NA,NA,NA,NA,NA,NA,NA,NA,NA,NA,NA,NA,NA,NA
"124",7738,"Prescott",4,710,4386,0.7592,4,9,1,17501,13,105589,-2,1,0,0,0.0296,3,0,20,0.0127,86301,0.8657,0,37677,0.0056,0.0535,0,0.193,0.0014,1,2,0.4647,0.069,0.0197,0.0493,0,0,0,0,0,"North Central Association of Colleges and Schools The Higher Learning Commission",0,6,"Prescott College",NA,NA,0.8255,0.8255,510,650,470,630,500,610,580,550,555,21,26,21,27,20,25,NA,NA,24,24,23,NA,1112,1112,NA,NA,NA,NA,NA,NA,NA,NA,NA,NA,NA,NA,NA,NA,27829,27829,NA,2011,52185,0.4493,25580,NA,83308,25580,0.1586956522,0.7445,0.1347826087,0.6456521739,0.5456521739,0.92826087,0.3086956522,0.2305882353,0.4608695652,24500,27,12500,0.7694117647,0.7,0.2070588235,26862,0.1847826087,NA,NA,NA,NA,NA,NA,NA,NA,NA,NA,NA,NA,NA,NA,NA,NA
"125",9671,"Tempe",4,58184,10647,0.6112,4,15,1,12460,12,104151,-2,1,0,0,0.0306,3,0,15,0.0188,85287,0.8611,0,20061,0.0575,0.0191,0,0.1339,0.0019,5,1,0.3791,0.1872,0.0519,0.0217,0,0,0,0,0,"North Central Association of Colleges and Schools The Higher Learning Commission",0,15,"Arizona State University-Tempe",NA,NA,0.8664,0.8664,480,600,490,620,NA,NA,540,555,NA,21,27,20,27,20,27,NA,NA,24,24,24,NA,1099,1099,NA,NA,NA,NA,NA,NA,NA,NA,NA,NA,NA,NA,NA,NA,9720,22319,NA,2011,60937,0.2107,30414,0.0070375687,77968,30414,0.1256258534,0.4935,0.1177829908,0.5374811806,0.5055145128,0.87328875,0.2775813172,0.3720150817,0.6418542768,16977,23,11676,0.6279849183,0.658730437,0.3345012759,40743,0.1748888344,NA,NA,NA,NA,NA,NA,NA,NA,NA,NA,NA,NA,NA,NA,NA,NA
"126",4701,"Mesa",4,21471,9266,0.546,2,1,1,1957,11,105154,-2,1,0,0,0.0113,1,0,2,0.043,85202,0.9941,0,12925,0.0371,0.0796,0,0.6276,0.004,1,1,0.3366,0.1922,0.0721,0.0147,0,0,0,0,0,"North Central Association of Colleges and Schools The Higher Learning Commission",0,5,"Mesa Community College",NA,NA,NA,NA,NA,NA,NA,NA,NA,NA,NA,NA,NA,NA,NA,NA,NA,NA,NA,NA,NA,NA,NA,NA,NA,NA,NA,NA,NA,NA,NA,NA,NA,NA,NA,NA,NA,NA,NA,NA,NA,1854,7638,NA,2011,28276,0.4072,18603,0.0197792382,41816,18603,0.1752695719,0.2154,0.0708224335,0.5297645633,0.4736170484,0.573597907,0.2232501755,0.4743800418,0.4167038857,NA,26,3500,0.5256199582,0.8753908,0.4217209441,19665,0.1188668411,NA,NA,NA,NA,NA,NA,NA,NA,NA,NA,NA,NA,NA,NA,NA,NA
"127",6537,"Phoenix",4,508,5030,0.813,3,13,1,9345,11,105899,88,1,0,0,0.0118,3,0,22,0.0079,85032,0.1714,0,30745,0.0138,0.0157,0,0.0433,0.0039,1,2,0.4357,0.0787,0.0551,0,0,0,0,0,0,"North Central Association of Colleges and Schools The Higher Learning Commission",0,7,"Arizona Christian University",NA,NA,0.5666,0.5666,460,570,450,560,NA,NA,515,505,NA,19,24,18,25,17,24,NA,NA,22,22,21,NA,1016,1016,NA,NA,NA,NA,NA,NA,NA,NA,NA,NA,NA,NA,NA,NA,18968,18968,NA,2011,66946,0.1555,22625,NA,82018,22625,0.1117824773,0.7407,0.1238670695,0.4441087613,0.5770392749,0.876132931,0.2900302115,0.2898089172,0.746223565,21500,22,13500,0.7101910828,0.610271903,NA,51383,0.1842900302,NA,NA,NA,NA,NA,NA,NA,NA,NA,NA,NA,NA,NA,NA,NA,NA
"128",6512,"Coolidge",4,6240,6105,0.4897,2,1,1,1192,41,104346,-2,1,0,0,0.003,2,0,6,0.0524,85128,1,0,8702,0.0139,0.0705,0,0.6465,0.0064,1,1,0.4056,0.2567,0.0809,0.0263,0,0,0,0,1,"North Central Association of Colleges and Schools The Higher Learning Commission",0,3,"Central Arizona College",NA,NA,NA,NA,NA,NA,NA,NA,NA,NA,NA,NA,NA,NA,NA,NA,NA,NA,NA,NA,NA,NA,NA,NA,NA,NA,NA,NA,NA,NA,NA,NA,NA,NA,NA,NA,NA,NA,NA,NA,NA,2100,9360,NA,2011,26899,0.4135,21527,0.0200521356,35876,21527,0.2422297975,0.1586,0.072187688,0.6190094245,0.3771806697,0.348305595,0.1902947664,0.5057100298,0.3743733708,9665,27,4085,0.4942899702,0.930218568,0.4391757696,20376,0.1128935232,NA,NA,NA,NA,NA,NA,NA,NA,NA,NA,NA,NA,NA,NA,NA,NA
"129",3306,"Tempe",4,2433,7104,0.4973,4,11,1,8252,12,106102,-2,1,0,0,0.0082,3,0,29,0.0214,85282,0.03,0,28979,0.0062,0.1356,0,0,0.0012,1,3,0.3425,0.1237,0.1722,0.0341,0,0,0,0,0,"North Central Association of Colleges and Schools The Higher Learning Commission",0,9,"Western International University",NA,NA,NA,NA,NA,NA,NA,NA,NA,NA,NA,NA,NA,NA,NA,NA,NA,NA,NA,NA,NA,NA,NA,NA,NA,NA,NA,NA,NA,NA,NA,NA,NA,NA,NA,NA,NA,NA,NA,NA,NA,10560,10560,NA,2011,27098,0.9455,27035,0.0928829916,30211,27035,0.3262967431,0.4334,0.0518697226,0.6622436671,0.4499396864,0.796139928,0.1827503016,0.559245283,0.0199034982,29250,37,5250,0.440754717,0.856453559,0.4860377358,18785,0.0886610374,NA,NA,NA,NA,NA,NA,NA,NA,NA,NA,NA,NA,NA,NA,NA,NA
"130",3378,"Mesa",4,1559,5606,0.5119,2,4,0,7408,11,260691,-2,1,0,0,0,1,0,10,0.0359,85202,0.6154,0,NA,0.0237,0.1199,0,0,0.0038,11,3,0.4421,0.2386,0.0443,0.0218,0,0,0,0,0,"Accrediting Bureau of Health Education Schools",0,2,"Pima Medical Institute-Mesa",NA,NA,NA,NA,NA,NA,NA,NA,NA,NA,NA,NA,NA,NA,NA,NA,NA,NA,NA,NA,NA,NA,NA,NA,NA,NA,NA,NA,NA,NA,NA,NA,NA,NA,NA,NA,NA,NA,NA,NA,18514,NA,NA,10550,2011,30995,0.4176,23515,0.0162740025,46389,23515,0.2405692496,0.5877,0.0291434019,0.8160152526,0.318738935,0.910458941,0.1201143947,0.5061587405,0.3269780744,8323,27,7500,0.4938412595,0.798311317,0.4364140631,20777,0.0542012801,NA,NA,NA,NA,NA,NA,NA,NA,NA,NA,NA,NA,NA,NA,NA,NA
"131",3778,"Avondale",4,7061,9295,0.3484,2,1,1,1491,22,384333,-2,1,0,0,0.0042,2,0,2,0.0146,85392,1,0,11654,0.0405,0.053,0,0.6741,0.0031,1,1,0.4011,0.4256,0.0981,0.0125,0,0,0,0,1,"North Central Association of Colleges and Schools The Higher Learning Commission",0,4,"Estrella Mountain Community College",NA,NA,NA,NA,NA,NA,NA,NA,NA,NA,NA,NA,NA,NA,NA,NA,NA,NA,NA,NA,NA,NA,NA,NA,NA,NA,NA,NA,NA,NA,NA,NA,NA,NA,NA,NA,NA,NA,NA,NA,NA,1854,7638,NA,2011,31530,0.3624,23919,0.0166749216,41334,23919,0.2100049529,0.239,0.0804028397,0.6382697705,0.495789995,0.535578669,0.2483077431,0.576499388,0.4370150239,3600,26,4500,0.423500612,0.886577514,0.4638922889,25257,0.1367013373,NA,NA,NA,NA,NA,NA,NA,NA,NA,NA,NA,NA,NA,NA,NA,NA
"132",2071,"Scottsdale",4,1548,4623,0.4677,3,11,1,7653,12,262332,-2,1,0,0,0,2,0,32,0.0484,85251,NA,0,31096,0.0265,0.1492,0,0,0.0065,4,3,0.5228,0.1764,0.0807,0.0446,0,0,0,0,0,"Accrediting Council for Independent Colleges and Schools",0,9,"Le Cordon Bleu College of Culinary Arts-Scottsdale",NA,NA,NA,NA,NA,NA,NA,NA,NA,NA,NA,NA,NA,NA,NA,NA,NA,NA,NA,NA,NA,NA,NA,NA,NA,NA,NA,NA,NA,NA,NA,NA,NA,NA,NA,NA,NA,NA,NA,NA,NA,15298,15298,NA,2011,31025,0.6333,22894,0.0324439054,50063,22894,0.2265009096,0.7316,0.0269860522,0.4733171619,0.3162522741,0.89417829,0.1085506367,0.4774807763,0.2992722862,15611,29,9500,0.5225192237,0.789569436,0.4302453314,19888,0.0457853244,NA,NA,NA,NA,NA,NA,NA,NA,NA,NA,NA,NA,NA,NA,NA,NA
"133",4010,"Chandler",4,11866,9559,0.5639,2,1,1,1907,21,364025,-2,1,0,0,0.0042,1,0,2,0.015,85225,0.9928,0,11873,0.0492,0.115,0,0.6601,0.0029,1,1,0.2319,0.19,0.0437,0.0161,0,0,0,0,0,"North Central Association of Colleges and Schools The Higher Learning Commission",0,4,"Chandler-Gilbert Community College",NA,NA,NA,NA,NA,NA,NA,NA,NA,NA,NA,NA,NA,NA,NA,NA,NA,NA,NA,NA,NA,NA,NA,NA,NA,NA,NA,NA,NA,NA,NA,NA,NA,NA,NA,NA,NA,NA,NA,NA,NA,1854,7638,NA,2011,37680,0.2537,25858,0.0187409899,50868,25858,0.2088739388,0.1613,0.0800897005,0.5484542688,0.5325965081,0.562710236,0.2654172673,0.4573770492,0.4726894121,4500,25,3500,0.5426229508,0.820278712,0.4087431694,27657,0.1377542848,NA,NA,NA,NA,NA,NA,NA,NA,NA,NA,NA,NA,NA,NA,NA,NA
"134",10320,"Mesa",4,NA,8198,NA,4,15,0,13296,11,420574,-2,1,0,0,NA,3,0,19,NA,85212,0.9183,0,NA,NA,NA,0,NA,NA,5,1,NA,NA,NA,NA,0,0,0,0,0,"North Central Association of Colleges and Schools The Higher Learning Commission",0,13,"Arizona State University-Polytechnic",NA,NA,NA,NA,NA,NA,NA,NA,NA,NA,NA,NA,NA,NA,NA,NA,NA,NA,NA,NA,NA,NA,NA,NA,NA,NA,NA,NA,NA,NA,NA,NA,NA,NA,NA,NA,NA,NA,NA,NA,NA,NA,NA,NA,2011,NA,NA,NA,NA,NA,NA,NA,NA,NA,NA,NA,NA,NA,NA,NA,NA,NA,NA,NA,NA,NA,NA,NA,NA,NA,NA,NA,NA,NA,NA,NA,NA,NA,NA,NA,NA,NA,NA,NA
